,Unnamed: 0,Escola,Curso,Cor ,Genero,Ano,Idade,Demora dormir,Sonhos ruins,Qualidade do sono,Relação com Amigos,Relação com Professores,Auto-Imag,Fisico,Social,Verbal,Material,Virtual,Mora com pais,Escolari-mãe,Escolari-pai,Nota-exatas,Nota-humanas,Nota-biológicas,Tipo escola,Nota-media
325,325,SJ,Integrado,Branca,Masculino,3,17,< 1 vez por semana,1,Muito ruim,Muito boa,Boa,Boa,0,0,0,0,0,Sim,Pós-graduação,Pós-graduação,2,5,3,Privada,3.333333333333333
140,140,ETIM,Integrado,Branca,Feminino,2,16,> 3 vezes por semana,3,Boa,Boa,Boa,Muito boa,0,3,4,0,0,Sim,Fundamental 2,Fundamental 1,3,5,4,Pública,4.0
433,433,ETEC-BQ,Conc-Sub,Branca,Masculino,4,17,< 1 vez por semana,1,Regular,Muito boa,Boa,Boa,0,0,2,2,0,Sim,Pós-graduação,Graduação,4,3,3,Pública,3.333333333333333
416,416,ETEC-BQ,Conc-Sub,Branca,Masculino,1,18,> 3 vezes por semana,0,Regular,Boa,Boa,Boa,0,0,0,0,0,Não,Fundamental 2,Graduação,4,4,4,Pública,4.0
487,487,ETEC-HM,Conc-Sub,Branca,Masculino,1,18,2-3 vezes por semana,2,Regular,Boa,Boa,Boa,0,0,0,0,0,Não,Ensino médio,Fundamental 1,3,4,5,Pública,4.0
25,25,ETIM,Integrado,Branca,Feminino,3,17,2-3 vezes por semana,2,Boa,Boa,Boa,Regular,0,1,0,1,0,Sim,Graduação,Graduação,4,3,3,Pública,3.333333333333333
459,459,ETEC-HM,Conc-Sub,Branca,Feminino,2,18,< 1 vez por semana,1,Regular,Boa,Boa,Regular,0,2,0,0,0,Não,Ensino médio,Fundamental 2,4,3,3,Pública,3.333333333333333
137,137,ETIM,Integrado,Parda,Feminino,2,17,< 1 vez por semana,0,Regular,Boa,Muito boa,Muito ruim,0,2,4,0,0,Sim,Ensino médio,Ensino médio,4,4,3,Pública,3.6666666666666665
454,454,ETEC-BQ,Conc-Sub,Branca,Masculino,1,19,< 1 vez por semana,0,Regular,Muito boa,Boa,Boa,1,0,1,2,0,Não,Ensino médio,Fundamental 1,5,2,3,Pública,3.333333333333333
349,349,ETEC-BQ,Conc-Sub,Branca,Feminino,1,16,2-3 vezes por semana,2,Regular,Boa,Boa,Regular,0,2,1,0,0,Sim,Graduação,Graduação,4,4,2,Pública,3.333333333333333
42,42,ETIM,Integrado,Branca,Masculino,3,17,1-2 vezes por semana,0,Boa,Muito boa,Muito boa,Muito boa,1,0,1,0,0,Sim,Ensino médio,Graduação,3,4,4,Pública,3.6666666666666665
208,208,IFSP,Integrado,Branca,Masculino,2,17,> 3 vezes por semana,0,Boa,Muito boa,Regular,Ruim,0,0,0,0,0,Sim,Graduação,Graduação,4,3,3,Pública,3.333333333333333
237,237,RB,Integrado,Branca,Feminino,1,15,> 3 vezes por semana,1,Regular,Muito boa,Regular,Ruim,0,0,0,0,0,Sim,Graduação,Graduação,2,4,3,Privada,3.0
274,274,RB,Integrado,Branca,Feminino,3,17,2-3 vezes por semana,2,Regular,Muito boa,Boa,Regular,0,1,2,0,0,Não,Graduação,Graduação,1,5,3,Privada,3.0
249,249,RB,Integrado,Branca,Feminino,1,15,2-3 vezes por semana,1,Regular,Muito boa,Boa,Boa,0,0,3,0,0,Sim,Graduação,Graduação,3,3,5,Privada,3.6666666666666665
467,467,ETEC-HM,Conc-Sub,Branca,Masculino,3,16,> 3 vezes por semana,0,Regular,Muito boa,Boa,Boa,1,0,1,0,0,Sim,Fundamental 2,Fundamental 1,4,5,4,Pública,4.333333333333333
355,355,ETEC-BQ,Conc-Sub,Branca,Feminino,1,18,2-3 vezes por semana,0,Boa,Muito boa,Muito boa,Regular,0,0,0,0,0,Sim,Fundamental 1,Ensino médio,5,4,4,Pública,4.333333333333333
410,410,ETEC-BQ,Conc-Sub,Branca,Masculino,1,18,1-2 vezes por semana,0,Regular,Boa,Boa,Boa,0,0,3,0,0,Não,Ensino médio,Fundamental 2,3,4,4,Pública,3.6666666666666665
245,245,RB,Integrado,Branca,Masculino,1,15,< 1 vez por semana,0,Muito boa,Muito boa,Muito boa,Ruim,0,3,5,6,2,Sim,Pós-graduação,Pós-graduação,1,4,5,Privada,3.333333333333333
440,440,ETEC-BQ,Conc-Sub,Negra,Feminino,2,19,< 1 vez por semana,0,Ruim,Boa,Boa,Boa,0,0,2,0,0,Não,Fundamental 2,Fundamental 2,4,4,4,Pública,4.0
22,22,ETIM,Integrado,Parda,Masculino,3,17,< 1 vez por semana,1,Regular,Boa,Boa,Boa,0,1,0,2,0,Sim,Ensino médio,Ensino médio,5,4,5,Pública,4.666666666666667
321,321,SJ,Integrado,Branca,Masculino,2,17,1-2 vezes por semana,1,Muito ruim,Muito boa,Muito boa,Boa,0,0,0,0,0,Não,Ensino médio,Graduação,5,4,5,Privada,4.666666666666667
46,46,ETIM,Integrado,Parda,Masculino,3,17,2-3 vezes por semana,1,Regular,Muito boa,Boa,Ruim,1,0,2,0,0,Sim,Ensino médio,Pós-graduação,3,3,3,Pública,3.0
31,31,ETIM,Integrado,Parda,Feminino,3,18,2-3 vezes por semana,2,Ruim,Boa,Boa,Boa,0,5,0,0,0,Sim,Graduação,Ensino médio,3,5,4,Pública,4.0
113,113,ETIM,Integrado,Branca,Masculino,2,17,> 3 vezes por semana,0,Muito ruim,Boa,Boa,Regular,0,0,0,0,0,Sim,Fundamental 2,Ensino médio,5,3,5,Pública,4.333333333333333
370,370,ETEC-BQ,Conc-Sub,Negra,Feminino,3,18,< 1 vez por semana,0,Ruim,Boa,Boa,Muito boa,0,0,0,0,0,Não,Graduação,Ensino médio,3,4,4,Pública,3.6666666666666665
299,299,SJ,Integrado,Negra,Feminino,1,15,1-2 vezes por semana,0,Muito ruim,Muito boa,Muito boa,Muito boa,0,0,3,1,0,Sim,Ensino médio,Fundamental 1,2,4,4,Privada,3.333333333333333
192,192,IFSP,Integrado,Branca,Masculino,2,17,1-2 vezes por semana,1,Ruim,Muito boa,Boa,Boa,0,1,0,2,0,Não,Ensino médio,Fundamental 2,4,4,5,Pública,4.333333333333333
132,132,ETIM,Integrado,Branca,Masculino,3,18,> 3 vezes por semana,1,Muito ruim,Muito boa,Muito ruim,Boa,1,2,4,0,0,Sim,Ensino médio,Graduação,2,3,3,Pública,2.6666666666666665
57,57,ETIM,Integrado,Parda,Masculino,2,18,< 1 vez por semana,1,Boa,Boa,Regular,Ruim,1,2,3,2,1,Não,Ensino médio,Ensino médio,3,4,3,Pública,3.333333333333333
182,182,ETIM,Integrado,Parda,Masculino,3,18,> 3 vezes por semana,0,Boa,Muito boa,Boa,Muito boa,0,0,0,0,0,Sim,Graduação,Graduação,3,3,3,Pública,3.0
24,24,ETIM,Integrado,Parda,Feminino,3,17,> 3 vezes por semana,2,Muito ruim,Regular,Regular,Ruim,0,4,3,0,0,Sim,Fundamental 2,Ensino médio,3,4,3,Pública,3.333333333333333
17,17,ETIM,Integrado,Parda,Feminino,2,16,2-3 vezes por semana,2,Regular,Boa,Regular,Regular,0,3,2,2,0,Sim,Fundamental ,Fundamental 1,5,5,5,Pública,5.0
180,180,ETIM,Integrado,Branca,Masculino,2,16,> 3 vezes por semana,1,Boa,Muito boa,Muito boa,Boa,2,0,2,2,0,Sim,Graduação,Pós-graduação,4,4,3,Pública,3.6666666666666665
66,66,ETIM,Integrado,Parda,Masculino,1,15,> 3 vezes por semana,2,Regular,Boa,Boa,Ruim,1,3,3,3,0,Sim,Ensino médio,Graduação,3,4,3,Pública,3.333333333333333
261,261,RB,Integrado,Branca,Masculino,2,16,2-3 vezes por semana,1,Boa,Muito boa,Boa,Boa,0,1,2,0,0,Sim,Pós-graduação,Pós-graduação,2,3,4,Privada,3.0
176,176,ETIM,Integrado,Branca,Masculino,2,17,> 3 vezes por semana,2,Ruim,Muito boa,Boa,Boa,1,2,4,2,2,Sim,Pós-graduação,Ensino médio,4,4,3,Pública,3.6666666666666665
94,94,ETIM,Integrado,Branca,Masculino,3,17,2-3 vezes por semana,0,Regular,Boa,Muito boa,Muito boa,0,0,0,0,0,Não,Graduação,Graduação,3,3,3,Pública,3.0
318,318,SJ,Integrado,Branca,Feminino,2,16,> 3 vezes por semana,0,Regular,Boa,Muito boa,Ruim,0,3,4,4,1,Não,Pós-graduação,Graduação,5,5,5,Privada,5.0
384,384,ETEC-BQ,Conc-Sub,Branca,Masculino,2,18,< 1 vez por semana,1,Ruim,Muito boa,Muito boa,Boa,0,0,2,0,0,Sim,Fundamental 2,Ensino médio,3,4,4,Pública,3.6666666666666665
23,23,ETIM,Integrado,Parda,Masculino,3,17,2-3 vezes por semana,0,Muito ruim,Boa,Regular,Boa,0,2,2,0,0,Sim,Graduação,Fundamental 2,2,4,3,Pública,3.0
210,210,IFSP,Integrado,Parda,Feminino,2,15,1-2 vezes por semana,1,Regular,Boa,Boa,Regular,0,0,0,1,0,Sim,Graduação,Ensino médio,3,4,3,Pública,3.333333333333333
346,346,ETEC-OS,Conc-Sub,Parda,Masculino,2,18,< 1 vez por semana,0,Muito boa,Muito boa,Muito boa,Muito boa,5,5,5,5,5,Sim,Fundamental 2,Fundamental 2,5,4,4,Pública,4.333333333333333
307,307,SJ,Integrado,Branca,Masculino,2,16,1-2 vezes por semana,1,Ruim,Muito boa,Boa,Boa,0,0,0,0,0,Sim,Graduação,Graduação,3,4,4,Privada,3.6666666666666665
5,5,ETIM,Integrado,Branca,Feminino,1,15,> 3 vezes por semana,2,Muito ruim,Muito boa,Muito boa,Boa,0,5,1,0,2,Sim,Graduação,Pós-graduação,2,4,5,Pública,3.6666666666666665
116,116,ETIM,Integrado,Negra,Masculino,2,16,2-3 vezes por semana,2,Ruim,Muito boa,Boa,Boa,5,0,6,0,4,Sim,Pós-graduação,Ensino médio,4,4,3,Pública,3.6666666666666665
45,45,ETIM,Integrado,Branca,Feminino,3,18,> 3 vezes por semana,2,Ruim,Boa,Regular,Muito ruim,0,5,6,3,3,Sim,Ensino médio,Fundamental 2,3,3,3,Pública,3.0
16,16,ETIM,Integrado,Branca,Feminino,2,17,< 1 vez por semana,0,Regular,Muito boa,Boa,Regular,0,1,3,0,0,Sim,Ensino médio,Ensino médio,4,4,4,Pública,4.0
452,452,ETEC-BQ,Conc-Sub,Branca,Masculino,4,19,> 3 vezes por semana,3,Muito ruim,Boa,Muito boa,Muito ruim,2,2,6,0,0,Não,Ensino médio,Fundamental 2,3,2,1,Pública,2.0
400,400,ETEC-BQ,Conc-Sub,Negra,Masculino,1,17,2-3 vezes por semana,2,Muito boa,Boa,Muito boa,Regular,4,4,5,4,0,Não,Fundamental 1,Fundamental 1,2,3,3,Pública,2.6666666666666665
3,3,ETIM,Integrado,Branca,Masculino,1,15,> 3 vezes por semana,0,Muito ruim,Muito boa,Boa,Boa,0,0,0,0,0,Sim,Ensino médio,Graduação,4,4,4,Pública,4.0
341,341,ETEC-OS,Conc-Sub,Parda,Feminino,1,19,1-2 vezes por semana,1,Regular,Boa,Boa,Muito boa,5,5,5,5,5,Sim,Ensino médio,Ensino médio,5,4,4,Pública,4.333333333333333
446,446,ETEC-BQ,Conc-Sub,Branca,Masculino,2,19,2-3 vezes por semana,0,Regular,Boa,Muito boa,Boa,0,2,2,0,0,Sim,Ensino médio,Ensino médio,3,4,4,Pública,3.6666666666666665
60,60,ETIM,Integrado,Parda,Masculino,2,16,1-2 vezes por semana,1,Regular,Muito boa,Regular,Regular,4,2,6,5,0,Sim,Ensino médio,Ensino médio,2,3,3,Pública,2.6666666666666665
110,110,ETIM,Integrado,Parda,Feminino,1,15,2-3 vezes por semana,1,Regular,Regular,Regular,Boa,1,0,2,5,1,Não,Ensino médio,Ensino médio,3,4,5,Pública,4.0
457,457,ETEC-HM,Conc-Sub,Parda,Feminino,2,19,< 1 vez por semana,0,Regular,Boa,Boa,Muito ruim,0,0,2,0,0,Sim,Graduação,Fundamental 2,2,5,4,Pública,3.6666666666666665
301,301,SJ,Integrado,Branca,Masculino,1,15,2-3 vezes por semana,1,Ruim,Boa,Regular,Muito ruim,3,0,6,6,2,Sim,Graduação,Pós-graduação,4,5,2,Privada,3.6666666666666665
29,29,ETIM,Integrado,Branca,Masculino,3,18,2-3 vezes por semana,0,Ruim,Boa,Muito boa,Muito ruim,0,3,4,0,3,Sim,Ensino médio,Ensino médio,4,5,4,Pública,4.333333333333333
175,175,ETIM,Integrado,Branca,Masculino,2,16,> 3 vezes por semana,2,Ruim,Regular,Regular,Regular,0,6,3,1,0,Sim,Ensino médio,Ensino médio,3,4,3,Pública,3.333333333333333
225,225,IFSP,Integrado,Branca,Feminino,2,16,> 3 vezes por semana,2,Boa,Regular,Boa,Regular,1,4,0,0,0,Não,Ensino médio,Ensino médio,4,3,3,Pública,3.333333333333333
26,26,ETIM,Integrado,Branca,Feminino,3,17,2-3 vezes por semana,1,Boa,Muito boa,Boa,Regular,0,2,1,0,0,Não,Graduação,Ensino médio,4,4,4,Pública,4.0
7,7,ETIM,Integrado,Parda,Feminino,1,16,2-3 vezes por semana,0,Boa,Muito boa,Muito boa,Muito boa,0,1,1,0,0,Não,Graduação,Ensino médio,2,4,3,Pública,3.0
444,444,ETEC-BQ,Conc-Sub,Negra,Masculino,4,19,2-3 vezes por semana,0,Regular,Muito boa,Muito boa,Regular,0,0,0,2,2,Não,Graduação,Graduação,4,4,4,Pública,4.0
108,108,ETIM,Integrado,Branca,Masculino,1,15,> 3 vezes por semana,0,Regular,Muito boa,Muito boa,Muito boa,0,0,0,1,0,Sim,Ensino médio,Ensino médio,4,5,4,Pública,4.333333333333333
37,37,ETIM,Integrado,Parda,Masculino,1,15,< 1 vez por semana,0,Boa,Boa,Muito boa,Muito ruim,0,1,0,1,0,Sim,Ensino médio,Ensino médio,1,5,4,Pública,3.333333333333333
157,157,ETIM,Integrado,Negra,Masculino,3,18,1-2 vezes por semana,0,Regular,Boa,Regular,Boa,0,0,1,0,0,Sim,Fundamental 1,Fundamental 1,1,3,3,Pública,2.333333333333333
456,456,ETEC-HM,Conc-Sub,Branca,Masculino,2,18,2-3 vezes por semana,0,Boa,Boa,Boa,Boa,0,0,0,0,0,Sim,Ensino médio,Ensino médio,4,5,4,Pública,4.333333333333333
118,118,ETIM,Integrado,Branca,Masculino,2,17,2-3 vezes por semana,1,Ruim,Muito boa,Boa,Muito boa,1,0,5,2,1,Sim,Graduação,Ensino médio,4,4,3,Pública,3.6666666666666665
114,114,ETIM,Integrado,Parda,Masculino,2,16,2-3 vezes por semana,2,Ruim,Boa,Boa,Regular,0,2,3,1,0,Sim,Ensino médio,Ensino médio,4,4,4,Pública,4.0
227,227,IFSP,Integrado,Parda,Masculino,2,16,2-3 vezes por semana,1,Regular,Muito boa,Boa,Muito ruim,0,0,0,0,0,Sim,Pós-graduação,Ensino médio,4,5,3,Pública,4.0
172,172,ETIM,Integrado,Branca,Feminino,2,17,> 3 vezes por semana,2,Muito ruim,Boa,Boa,Muito ruim,0,3,6,0,0,Não,Graduação,Ensino médio,4,5,5,Pública,4.666666666666667
144,144,ETIM,Integrado,Branca,Feminino,2,16,> 3 vezes por semana,2,Boa,Boa,Boa,Muito boa,3,2,2,2,0,Sim,Graduação,Pós-graduação,1,4,3,Pública,2.6666666666666665
362,362,ETEC-BQ,Conc-Sub,Negra,Masculino,1,18,> 3 vezes por semana,1,Regular,Boa,Boa,Boa,0,0,0,0,0,Não,Ensino médio,Ensino médio,5,4,4,Pública,4.333333333333333
473,473,ETEC-HM,Conc-Sub,Negra,Feminino,2,18,1-2 vezes por semana,0,Boa,Boa,Muito boa,Regular,0,4,0,0,0,Sim,Fundamental 1,Fundamental 2,4,4,4,Pública,4.0
185,185,ETIM,Integrado,Negra,Masculino,3,19,< 1 vez por semana,0,Ruim,Regular,Boa,Ruim,2,0,4,6,0,Sim,Graduação,Fundamental 1,5,4,3,Pública,4.0
203,203,IFSP,Integrado,Negra,Feminino,2,17,1-2 vezes por semana,2,Regular,Muito boa,Regular,Regular,1,0,1,0,0,Sim,Fundamental 2,Fundamental 1,4,4,3,Pública,3.6666666666666665
418,418,ETEC-BQ,Conc-Sub,Parda,Masculino,1,16,2-3 vezes por semana,0,Boa,Muito boa,Regular,Boa,1,0,3,0,1,Sim,Ensino médio,Ensino médio,3,4,3,Pública,3.333333333333333
436,436,ETEC-BQ,Conc-Sub,Parda,Masculino,1,19,1-2 vezes por semana,0,Ruim,Muito boa,Muito boa,Muito boa,0,0,0,0,0,Não,Ensino médio,Ensino médio,5,4,3,Pública,4.0
141,141,ETIM,Integrado,Branca,Feminino,2,16,< 1 vez por semana,1,Regular,Muito boa,Boa,Muito boa,0,0,0,0,0,Sim,Graduação,Pós-graduação,4,3,3,Pública,3.333333333333333
358,358,ETEC-BQ,Conc-Sub,Parda,Masculino,1,18,< 1 vez por semana,0,Boa,Muito boa,Muito boa,Boa,0,0,0,0,0,Sim,Fundamental 1,Fundamental 1,5,4,4,Pública,4.333333333333333
67,67,ETIM,Integrado,Branca,Masculino,1,15,2-3 vezes por semana,0,Regular,Boa,Boa,Ruim,1,1,6,0,0,Sim,Ensino médio,Ensino médio,3,5,5,Pública,4.333333333333333
199,199,IFSP,Integrado,Branca,Masculino,2,16,< 1 vez por semana,0,Boa,Muito boa,Muito boa,Boa,0,0,0,0,0,Sim,Graduação,Pós-graduação,4,4,4,Pública,4.0
168,168,ETIM,Integrado,Parda,Feminino,1,15,< 1 vez por semana,2,Ruim,Muito boa,Muito boa,Boa,0,1,0,0,0,Sim,Graduação,Ensino médio,4,3,1,Pública,2.6666666666666665
368,368,ETEC-BQ,Conc-Sub,Negra,Masculino,1,18,> 3 vezes por semana,1,Regular,Boa,Boa,Boa,0,0,1,0,0,Sim,Fundamental 2,Ensino médio,5,3,2,Pública,3.333333333333333
402,402,ETEC-BQ,Conc-Sub,Branca,Masculino,1,16,> 3 vezes por semana,0,Regular,Boa,Boa,Regular,0,1,5,3,0,Sim,Ensino médio,Ensino médio,5,4,3,Pública,4.0
234,234,IFSP,Integrado,Branca,Feminino,1,15,2-3 vezes por semana,0,Regular,Muito boa,Boa,Boa,0,0,0,0,0,Sim,Ensino médio,Ensino médio,2,4,4,Pública,3.333333333333333
109,109,ETIM,Integrado,Branca,Masculino,1,16,> 3 vezes por semana,1,Ruim,Boa,Regular,Regular,2,2,3,0,0,Não,Graduação,Ensino médio,2,2,2,Pública,2.0
476,476,ETEC-HM,Conc-Sub,Branca,Feminino,2,18,2-3 vezes por semana,0,Muito boa,Ruim,Muito boa,Boa,0,0,0,0,0,Não,Ensino médio,Ensino médio,4,4,4,Pública,4.0
145,145,ETIM,Integrado,Parda,Feminino,1,16,2-3 vezes por semana,2,Regular,Boa,Boa,Ruim,2,3,2,1,0,Sim,Ensino médio,Ensino médio,2,4,2,Pública,2.6666666666666665
455,455,ETEC-BQ,Conc-Sub,Branca,Masculino,1,19,< 1 vez por semana,2,Regular,Muito boa,Boa,Regular,0,2,3,4,0,Não,Graduação,Graduação,4,4,3,Pública,3.6666666666666665
152,152,ETIM,Integrado,Parda,Feminino,1,15,2-3 vezes por semana,3,Ruim,Boa,Regular,Ruim,1,4,3,1,0,Não,Ensino médio,Graduação,5,3,2,Pública,3.333333333333333
253,253,RB,Integrado,Branca,Feminino,2,15,2-3 vezes por semana,2,Boa,Boa,Boa,Muito boa,0,0,0,0,0,Sim,Pós-graduação,Pós-graduação,4,5,5,Privada,4.666666666666667
218,218,IFSP,Integrado,Branca,Feminino,2,16,> 3 vezes por semana,0,Boa,Ruim,Muito boa,Boa,0,6,3,2,4,Não,Graduação,Ensino médio,3,5,4,Pública,4.0
83,83,ETIM,Integrado,Branca,Masculino,3,18,< 1 vez por semana,0,Regular,Boa,Boa,Muito boa,0,0,0,0,0,Sim,Ensino médio,Ensino médio,3,4,5,Pública,4.0
296,296,SJ,Integrado,Branca,Feminino,1,15,1-2 vezes por semana,0,Muito ruim,Muito boa,Muito boa,Ruim,0,0,0,0,0,Sim,Graduação,Graduação,5,4,5,Privada,4.666666666666667
165,165,ETIM,Integrado,Branca,Masculino,1,15,< 1 vez por semana,0,Regular,Muito boa,Boa,Muito boa,0,0,0,4,0,Sim,Ensino médio,Ensino médio,4,4,3,Pública,3.6666666666666665
248,248,RB,Integrado,Branca,Feminino,1,15,> 3 vezes por semana,0,Boa,Boa,Boa,Regular,0,1,0,0,0,Sim,Pós-graduação,Pós-graduação,5,4,4,Privada,4.333333333333333
228,228,IFSP,Integrado,Negra,Feminino,1,15,1-2 vezes por semana,1,Boa,Boa,Boa,Regular,0,2,3,0,0,Sim,Ensino médio,Ensino médio,3,4,2,Pública,3.0
74,74,ETIM,Integrado,Branca,Masculino,3,17,< 1 vez por semana,0,Regular,Muito boa,Boa,Regular,0,0,0,0,0,Não,Ensino médio,Ensino médio,4,3,4,Pública,3.6666666666666665
399,399,ETEC-BQ,Conc-Sub,Negra,Masculino,1,16,< 1 vez por semana,0,Regular,Muito boa,Muito boa,Boa,0,0,0,2,0,Sim,Fundamental 2,Fundamental 2,4,3,4,Pública,3.6666666666666665
266,266,RB,Integrado,Branca,Masculino,2,16,2-3 vezes por semana,2,Regular,Muito boa,Muito boa,Regular,0,0,1,0,0,Sim,Pós-graduação,Pós-graduação,3,5,2,Privada,3.333333333333333
238,238,RB,Integrado,Parda,Feminino,1,15,> 3 vezes por semana,2,Regular,Muito boa,Regular,Regular,0,6,3,3,0,Não,Pós-graduação,Pós-graduação,2,4,4,Privada,3.333333333333333
119,119,ETIM,Integrado,Branca,Masculino,2,16,2-3 vezes por semana,0,Ruim,Muito boa,Boa,Boa,0,1,6,0,1,Sim,Pós-graduação,Pós-graduação,4,4,4,Pública,4.0
277,277,RB,Integrado,Branca,Feminino,3,16,2-3 vezes por semana,1,Ruim,Regular,Regular,Boa,1,6,3,1,5,Sim,Pós-graduação,Pós-graduação,3,4,4,Privada,3.6666666666666665
294,294,RB,Integrado,Branca,Feminino,3,17,> 3 vezes por semana,1,Ruim,Muito boa,Boa,Boa,0,5,0,0,1,Sim,Graduação,Graduação,1,4,3,Privada,2.6666666666666665
441,441,ETEC-BQ,Conc-Sub,Branca,Masculino,2,18,1-2 vezes por semana,0,Muito boa,Muito boa,Muito boa,Boa,0,0,0,0,0,Sim,Ensino médio,Graduação,4,4,4,Pública,4.0
347,347,ETEC-OS,Conc-Sub,Parda,Masculino,3,18,> 3 vezes por semana,1,Regular,Boa,Boa,Boa,4,4,4,4,4,Não,Graduação,Graduação,4,3,4,Pública,3.6666666666666665
351,351,ETEC-BQ,Conc-Sub,Branca,Feminino,2,17,> 3 vezes por semana,2,Regular,Boa,Regular,Regular,0,0,0,0,0,Não,Ensino médio,Fundamental 2,5,4,4,Pública,4.333333333333333
244,244,RB,Integrado,Branca,Feminino,1,15,< 1 vez por semana,1,Muito boa,Muito boa,Muito boa,Muito boa,0,1,1,2,0,Sim,Pós-graduação,Pós-graduação,2,4,3,Privada,3.0
222,222,IFSP,Integrado,Negra,Feminino,2,17,1-2 vezes por semana,0,Ruim,Muito boa,Boa,Muito boa,0,0,0,0,0,Sim,Ensino médio,Ensino médio,3,5,4,Pública,4.0
375,375,ETEC-BQ,Conc-Sub,Branca,Masculino,2,18,< 1 vez por semana,1,Ruim,Muito boa,Muito boa,Muito boa,2,2,4,0,2,Sim,Fundamental 1,Fundamental 1,3,4,4,Pública,3.6666666666666665
406,406,ETEC-BQ,Conc-Sub,Parda,Masculino,4,18,> 3 vezes por semana,0,Ruim,Muito boa,Muito boa,Boa,0,5,1,0,2,Sim,Ensino médio,Fundamental 2,5,4,4,Pública,4.333333333333333
36,36,ETIM,Integrado,Branca,Feminino,1,15,< 1 vez por semana,1,Regular,Muito boa,Muito boa,Boa,0,0,0,0,0,Sim,Graduação,Ensino médio,4,5,3,Pública,4.0
196,196,IFSP,Integrado,Branca,Masculino,2,16,< 1 vez por semana,0,Regular,Muito boa,Muito boa,Muito boa,2,0,0,0,0,Sim,Pós-graduação,Pós-graduação,5,5,5,Pública,5.0
139,139,ETIM,Integrado,Branca,Feminino,2,16,> 3 vezes por semana,3,Regular,Regular,Boa,Muito ruim,3,4,2,0,0,Sim,Graduação,Ensino médio,3,4,4,Pública,3.6666666666666665
357,357,ETEC-BQ,Conc-Sub,Branca,Masculino,1,16,1-2 vezes por semana,0,Boa,Muito boa,Regular,Regular,0,0,1,0,0,Sim,Ensino médio,Ensino médio,4,3,2,Pública,3.0
412,412,ETEC-BQ,Conc-Sub,Negra,Masculino,4,18,1-2 vezes por semana,1,Boa,Boa,Muito boa,Boa,0,0,0,0,0,Não,Fundamental 1,Fundamental 1,4,4,4,Pública,4.0
280,280,RB,Integrado,Branca,Feminino,3,18,> 3 vezes por semana,0,Boa,Muito boa,Boa,Muito boa,0,1,0,0,0,Sim,Graduação,Graduação,3,4,4,Privada,3.6666666666666665
281,281,RB,Integrado,Branca,Feminino,3,17,1-2 vezes por semana,3,Regular,Muito boa,Boa,Regular,0,0,1,0,0,Sim,Graduação,Graduação,3,5,4,Privada,4.0
59,59,ETIM,Integrado,Branca,Masculino,2,17,< 1 vez por semana,0,Regular,Boa,Boa,Boa,4,2,4,0,0,Sim,Ensino médio,Ensino médio,5,3,4,Pública,4.0
111,111,ETIM,Integrado,Branca,Masculino,2,16,1-2 vezes por semana,3,Ruim,Muito boa,Regular,Muito boa,4,3,6,1,0,Não,Graduação,Ensino médio,3,5,4,Pública,4.0
287,287,RB,Integrado,Branca,Masculino,3,18,> 3 vezes por semana,0,Ruim,Muito boa,Muito boa,Boa,0,0,4,0,0,Sim,Graduação,Graduação,3,5,4,Privada,4.0
409,409,ETEC-BQ,Conc-Sub,Branca,Masculino,4,18,2-3 vezes por semana,1,Ruim,Regular,Boa,Regular,1,6,6,2,3,Sim,Ensino médio,Graduação,4,3,4,Pública,3.6666666666666665
6,6,ETIM,Integrado,Parda,Masculino,1,16,> 3 vezes por semana,1,Ruim,Boa,Boa,Regular,0,0,0,0,0,Sim,Ensino médio,Graduação,3,3,3,Pública,3.0
353,353,ETEC-BQ,Conc-Sub,Branca,Masculino,2,18,> 3 vezes por semana,0,Regular,Boa,Boa,Boa,0,0,0,0,0,Sim,Ensino médio,Ensino médio,4,3,3,Pública,3.333333333333333
423,423,ETEC-BQ,Conc-Sub,Branca,Masculino,2,18,> 3 vezes por semana,0,Muito boa,Boa,Boa,Muito boa,3,3,6,5,0,Sim,Pós-graduação,Graduação,3,3,3,Pública,3.0
332,332,ETEC-OS,Conc-Sub,Negra,Feminino,1,19,< 1 vez por semana,0,Regular,Muito boa,Regular,Boa,4,4,4,4,4,Sim,Fundamental 1,Fundamental 1,3,4,4,Pública,3.6666666666666665
158,158,ETIM,Integrado,Branca,Masculino,3,18,> 3 vezes por semana,0,Regular,Boa,Regular,Muito boa,1,0,3,2,2,Sim,Pós-graduação,Ensino médio,4,4,4,Pública,4.0
150,150,ETIM,Integrado,Branca,Masculino,1,15,2-3 vezes por semana,0,Regular,Muito boa,Boa,Muito boa,0,0,1,0,0,Sim,Ensino médio,Ensino médio,4,5,4,Pública,4.333333333333333
177,177,ETIM,Integrado,Branca,Masculino,2,16,2-3 vezes por semana,0,Ruim,Ruim,Regular,Muito ruim,4,4,6,2,2,Sim,Ensino médio,Ensino médio,2,4,3,Pública,3.0
386,386,ETEC-BQ,Conc-Sub,Negra,Feminino,2,18,> 3 vezes por semana,1,Regular,Boa,Boa,Regular,0,0,0,0,0,Não,Fundamental 1,Fundamental 2,3,4,4,Pública,3.6666666666666665
184,184,ETIM,Integrado,Parda,Masculino,3,18,2-3 vezes por semana,3,Regular,Muito boa,Boa,Ruim,1,0,3,1,2,Sim,Ensino médio,Ensino médio,4,4,4,Pública,4.0
278,278,RB,Integrado,Branca,Feminino,3,17,< 1 vez por semana,1,Boa,Muito boa,Boa,Regular,0,3,2,0,0,Sim,Pós-graduação,Pós-graduação,4,3,4,Privada,3.6666666666666665
10,10,ETIM,Integrado,Parda,Feminino,1,15,1-2 vezes por semana,0,Regular,Boa,Boa,Regular,0,0,0,2,0,Sim,Ensino médio,Ensino médio,2,4,4,Pública,3.333333333333333
373,373,ETEC-BQ,Conc-Sub,Branca,Feminino,3,18,> 3 vezes por semana,1,Muito ruim,Regular,Regular,Muito ruim,0,0,0,0,0,Sim,Graduação,Ensino médio,2,4,3,Pública,3.0
103,103,ETIM,Integrado,Branca,Masculino,1,15,> 3 vezes por semana,1,Ruim,Muito boa,Boa,Muito boa,3,0,2,0,0,Não,Graduação,Graduação,3,3,3,Pública,3.0
81,81,ETIM,Integrado,Negra,Masculino,3,19,2-3 vezes por semana,2,Ruim,Regular,Boa,Ruim,2,6,5,4,2,Sim,Ensino médio,Ensino médio,3,3,4,Pública,3.333333333333333
38,38,ETIM,Integrado,Branca,Feminino,1,15,< 1 vez por semana,0,Regular,Muito boa,Muito boa,Muito boa,0,0,0,0,0,Sim,Pós-graduação,Pós-graduação,5,4,5,Pública,4.666666666666667
408,408,ETEC-BQ,Conc-Sub,Branca,Masculino,4,18,> 3 vezes por semana,2,Ruim,Regular,Boa,Ruim,0,1,2,0,0,Não,Ensino médio,Graduação,4,3,3,Pública,3.333333333333333
167,167,ETIM,Integrado,Branca,Masculino,1,15,< 1 vez por semana,1,Muito boa,Boa,Boa,Regular,0,0,0,0,0,Sim,Graduação,Graduação,3,2,2,Pública,2.333333333333333
475,475,ETEC-HM,Conc-Sub,Parda,Feminino,2,19,> 3 vezes por semana,1,Regular,Boa,Muito boa,Ruim,0,0,1,0,0,Não,Ensino médio,Ensino médio,5,5,4,Pública,4.666666666666667
291,291,RB,Integrado,Branca,Feminino,3,17,1-2 vezes por semana,1,Ruim,Muito boa,Muito boa,Muito boa,0,1,0,0,1,Não,Pós-graduação,Pós-graduação,2,4,5,Privada,3.6666666666666665
367,367,ETEC-BQ,Conc-Sub,Branca,Masculino,1,18,1-2 vezes por semana,0,Muito boa,Boa,Boa,Regular,0,0,0,0,0,Sim,Ensino médio,Graduação,4,5,4,Pública,4.333333333333333
198,198,IFSP,Integrado,Branca,Masculino,2,16,1-2 vezes por semana,0,Boa,Muito boa,Boa,Regular,2,0,2,0,0,Sim,Graduação,Ensino médio,3,3,3,Pública,3.0
354,354,ETEC-BQ,Conc-Sub,Parda,Feminino,1,18,2-3 vezes por semana,1,Boa,Muito boa,Boa,Boa,0,0,0,0,0,Sim,Fundamental 1,Graduação,3,5,5,Pública,4.333333333333333
250,250,RB,Integrado,Branca,Feminino,1,15,> 3 vezes por semana,1,Boa,Muito boa,Muito boa,Boa,0,1,1,0,0,Sim,Graduação,Graduação,2,2,2,Privada,2.0
247,247,RB,Integrado,Branca,Feminino,1,15,2-3 vezes por semana,1,Ruim,Boa,Muito boa,Regular,0,5,2,0,0,Não,Pós-graduação,Pós-graduação,5,2,5,Privada,4.0
194,194,IFSP,Integrado,Parda,Feminino,2,16,< 1 vez por semana,1,Regular,Boa,Boa,Boa,0,2,0,2,0,Não,Fundamental 2,Ensino médio,3,4,4,Pública,3.6666666666666665
89,89,ETIM,Integrado,Branca,Feminino,3,17,2-3 vezes por semana,3,Muito ruim,Ruim,Muito boa,Muito ruim,1,5,4,0,4,Não,Fundamental 1,Ensino médio,1,2,2,Pública,1.6666666666666667
146,146,ETIM,Integrado,Branca,Feminino,1,16,2-3 vezes por semana,1,Regular,Boa,Boa,Boa,0,0,0,1,0,Sim,Graduação,Fundamental 2,4,4,4,Pública,4.0
163,163,ETIM,Integrado,Branca,Masculino,1,16,> 3 vezes por semana,1,Ruim,Muito boa,Boa,Ruim,2,2,6,0,1,Sim,Ensino médio,Ensino médio,4,4,4,Pública,4.0
255,255,RB,Integrado,Branca,Feminino,2,16,> 3 vezes por semana,0,Regular,Boa,Muito boa,Boa,0,0,1,0,0,Sim,Pós-graduação,Pós-graduação,5,5,5,Privada,5.0
147,147,ETIM,Integrado,Parda,Feminino,1,16,< 1 vez por semana,0,Regular,Muito boa,Boa,Regular,0,0,0,0,0,Sim,Ensino médio,Ensino médio,3,5,4,Pública,4.0
2,2,ETIM,Integrado,Branca,Feminino,1,16,> 3 vezes por semana,1,Ruim,Boa,Boa,Ruim,0,1,2,0,2,Sim,Graduação,Graduação,3,5,4,Pública,4.0
92,92,ETIM,Integrado,Branca,Masculino,3,17,2-3 vezes por semana,1,Regular,Boa,Boa,Boa,0,0,3,1,0,Não,Ensino médio,Ensino médio,5,4,5,Pública,4.666666666666667
392,392,ETEC-BQ,Conc-Sub,Parda,Feminino,2,17,1-2 vezes por semana,1,Ruim,Boa,Boa,Ruim,0,0,0,0,0,Não,Ensino médio,Fundamental 2,5,5,4,Pública,4.666666666666667
69,69,ETIM,Integrado,Branca,Feminino,1,16,1-2 vezes por semana,2,Regular,Boa,Boa,Ruim,0,1,0,0,0,Sim,Fundamental 2,Graduação,4,4,3,Pública,3.6666666666666665
305,305,SJ,Integrado,Branca,Feminino,2,16,< 1 vez por semana,1,Ruim,Boa,Muito boa,Ruim,0,4,2,1,0,Não,Pós-graduação,Pós-graduação,4,4,4,Privada,4.0
123,123,ETIM,Integrado,Parda,Feminino,3,18,< 1 vez por semana,0,Muito boa,Muito boa,Regular,Boa,5,2,6,2,2,Sim,Graduação,Pós-graduação,2,5,3,Pública,3.333333333333333
361,361,ETEC-BQ,Conc-Sub,Parda,Masculino,1,16,> 3 vezes por semana,1,Boa,Muito boa,Regular,Regular,1,0,1,1,1,Sim,Ensino médio,Ensino médio,3,4,3,Pública,3.333333333333333
96,96,ETIM,Integrado,Branca,Masculino,3,18,1-2 vezes por semana,0,Muito ruim,Boa,Boa,Boa,0,0,0,0,0,Não,Fundamental 1,Fundamental 2,3,3,4,Pública,3.333333333333333
143,143,ETIM,Integrado,Branca,Masculino,2,16,1-2 vezes por semana,1,Regular,Boa,Boa,Boa,2,0,1,0,0,Sim,Ensino médio,Fundamental 2,4,3,3,Pública,3.333333333333333
239,239,RB,Integrado,Branca,Masculino,1,15,< 1 vez por semana,0,Muito boa,Muito boa,Muito ruim,Muito boa,0,0,0,4,0,Sim,Graduação,Pós-graduação,4,4,5,Privada,4.333333333333333
268,268,RB,Integrado,Branca,Masculino,2,16,> 3 vezes por semana,0,Regular,Muito boa,Boa,Regular,0,0,4,0,0,Sim,Graduação,Graduação,2,4,3,Privada,3.0
97,97,ETIM,Integrado,Branca,Feminino,3,18,2-3 vezes por semana,0,Regular,Boa,Boa,Boa,0,0,0,0,0,Sim,Ensino médio,Ensino médio,4,5,5,Pública,4.666666666666667
374,374,ETEC-BQ,Conc-Sub,Parda,Masculino,2,18,2-3 vezes por semana,1,Regular,Boa,Boa,Muito boa,0,0,1,1,0,Sim,Ensino médio,Ensino médio,4,5,5,Pública,4.666666666666667
122,122,ETIM,Integrado,Branca,Feminino,3,18,2-3 vezes por semana,2,Regular,Boa,Boa,Muito boa,0,2,0,0,0,Não,Pós-graduação,Ensino médio,3,4,5,Pública,4.0
183,183,ETIM,Integrado,Branca,Masculino,3,19,> 3 vezes por semana,1,Ruim,Boa,Boa,Muito boa,4,4,4,4,2,Não,Ensino médio,Ensino médio,2,5,4,Pública,3.6666666666666665
202,202,IFSP,Integrado,Parda,Masculino,2,16,1-2 vezes por semana,0,Regular,Muito boa,Regular,Regular,0,1,2,0,0,Não,Graduação,Graduação,1,4,3,Pública,2.6666666666666665
246,246,RB,Integrado,Branca,Feminino,1,14,1-2 vezes por semana,0,Boa,Muito boa,Muito boa,Boa,0,0,0,0,0,Sim,Pós-graduação,Graduação,4,5,4,Privada,4.333333333333333
383,383,ETEC-BQ,Conc-Sub,Parda,Masculino,2,18,< 1 vez por semana,0,Regular,Muito boa,Boa,Boa,0,0,0,0,0,Sim,Fundamental 1,Ensino médio,4,4,4,Pública,4.0
463,463,ETEC-HM,Conc-Sub,Parda,Feminino,1,19,2-3 vezes por semana,3,Muito ruim,Muito boa,Muito boa,Regular,0,0,0,0,0,Não,Fundamental 2,Fundamental 2,5,5,4,Pública,4.666666666666667
377,377,ETEC-BQ,Conc-Sub,Parda,Masculino,2,18,< 1 vez por semana,0,Muito boa,Boa,Muito boa,Muito boa,0,0,0,0,0,Sim,Ensino médio,Ensino médio,4,4,4,Pública,4.0
394,394,ETEC-BQ,Conc-Sub,Parda,Masculino,1,18,2-3 vezes por semana,1,Boa,Muito boa,Boa,Boa,1,0,1,3,0,Não,Fundamental 1,Fundamental 2,3,4,2,Pública,3.0
388,388,ETEC-BQ,Conc-Sub,Parda,Feminino,2,17,> 3 vezes por semana,2,Ruim,Boa,Boa,Ruim,2,2,2,1,0,Não,Fundamental 1,Ensino médio,3,5,5,Pública,4.333333333333333
414,414,ETEC-BQ,Conc-Sub,Parda,Masculino,1,18,> 3 vezes por semana,0,Regular,Boa,Boa,Regular,0,0,2,0,0,Sim,Ensino médio,Ensino médio,3,3,3,Pública,3.0
125,125,ETIM,Integrado,Parda,Feminino,3,19,> 3 vezes por semana,2,Ruim,Muito boa,Boa,Regular,1,2,2,1,0,Não,Ensino médio,Ensino médio,3,4,4,Pública,3.6666666666666665
297,297,SJ,Integrado,Branca,Masculino,1,15,2-3 vezes por semana,1,Regular,Boa,Boa,Regular,2,6,6,6,5,Sim,Ensino médio,Graduação,5,4,3,Privada,4.0
223,223,IFSP,Integrado,Parda,Feminino,2,16,> 3 vezes por semana,2,Regular,Boa,Boa,Boa,0,5,0,0,0,Sim,Graduação,Graduação,5,4,5,Pública,4.666666666666667
411,411,ETEC-BQ,Conc-Sub,Branca,Masculino,4,18,1-2 vezes por semana,1,Muito ruim,Boa,Boa,Muito ruim,0,0,0,0,0,Sim,Ensino médio,Ensino médio,3,1,1,Pública,1.6666666666666667
219,219,IFSP,Integrado,Branca,Masculino,2,17,> 3 vezes por semana,2,Regular,Boa,Boa,Regular,0,2,6,0,0,Sim,Graduação,Graduação,4,4,1,Pública,3.0
129,129,ETIM,Integrado,Branca,Feminino,3,18,1-2 vezes por semana,1,Regular,Boa,Boa,Muito boa,0,2,3,0,0,Sim,Pós-graduação,Pós-graduação,4,4,4,Pública,4.0
464,464,ETEC-HM,Conc-Sub,Negra,Feminino,1,19,> 3 vezes por semana,2,Regular,Muito boa,Muito boa,Regular,0,0,0,0,0,Sim,Fundamental 1,Fundamental 1,5,5,4,Pública,4.666666666666667
284,284,RB,Integrado,Branca,Feminino,3,18,2-3 vezes por semana,2,Regular,Muito boa,Boa,Ruim,0,2,1,0,0,Não,Graduação,Pós-graduação,3,5,4,Privada,4.0
323,323,SJ,Integrado,Branca,Masculino,3,19,2-3 vezes por semana,1,Regular,Regular,Regular,Muito ruim,4,5,6,2,5,Não,Ensino médio,Ensino médio,2,3,1,Privada,2.0
369,369,ETEC-BQ,Conc-Sub,Negra,Masculino,1,18,< 1 vez por semana,2,Regular,Boa,Boa,Muito boa,0,0,0,0,0,Sim,Fundamental 1,Fundamental 1,4,4,4,Pública,4.0
286,286,RB,Integrado,Branca,Feminino,3,18,2-3 vezes por semana,0,Boa,Muito boa,Boa,Boa,0,0,1,0,0,Não,Pós-graduação,Graduação,4,3,4,Privada,3.6666666666666665
486,486,ETEC-HM,Conc-Sub,Parda,Masculino,1,19,> 3 vezes por semana,1,Regular,Boa,Boa,Regular,0,0,0,0,0,Não,Ensino médio,Ensino médio,4,4,3,Pública,3.6666666666666665
289,289,RB,Integrado,Branca,Masculino,3,17,2-3 vezes por semana,1,Boa,Muito boa,Muito boa,Boa,0,0,1,1,0,Não,Pós-graduação,Pós-graduação,3,4,3,Privada,3.333333333333333
415,415,ETEC-BQ,Conc-Sub,Branca,Masculino,1,18,> 3 vezes por semana,1,Ruim,Boa,Boa,Regular,0,0,0,0,0,Não,Ensino médio,Ensino médio,3,4,4,Pública,3.6666666666666665
334,334,ETEC-OS,Conc-Sub,Branca,Masculino,1,18,2-3 vezes por semana,2,Regular,Boa,Boa,Regular,3,3,3,3,3,Não,Graduação,Graduação,3,3,3,Pública,3.0
112,112,ETIM,Integrado,Branca,Feminino,2,16,2-3 vezes por semana,0,Regular,Muito boa,Regular,Regular,0,0,0,0,0,Não,Ensino médio,Graduação,5,4,4,Pública,4.333333333333333
179,179,ETIM,Integrado,Branca,Masculino,2,17,2-3 vezes por semana,0,Ruim,Regular,Boa,Boa,2,4,4,2,1,Sim,Pós-graduação,Graduação,4,4,3,Pública,3.6666666666666665
302,302,SJ,Integrado,Branca,Feminino,1,15,2-3 vezes por semana,0,Regular,Regular,Boa,Regular,0,1,5,3,0,Não,Ensino médio,Ensino médio,2,5,5,Privada,4.0
333,333,ETEC-OS,Conc-Sub,Parda,Feminino,1,18,2-3 vezes por semana,1,Regular,Muito boa,Regular,Ruim,2,2,2,2,2,Não,Fundamental 1,Ensino médio,3,4,4,Pública,3.6666666666666665
324,324,SJ,Integrado,Branca,Feminino,3,17,> 3 vezes por semana,0,Regular,Muito boa,Muito boa,Muito boa,0,2,6,4,3,Sim,Graduação,Pós-graduação,2,5,5,Privada,4.0
470,470,ETEC-HM,Conc-Sub,Parda,Feminino,3,19,> 3 vezes por semana,2,Regular,Muito boa,Boa,Regular,0,0,0,0,0,Sim,Ensino médio,Ensino médio,2,3,3,Pública,2.6666666666666665
352,352,ETEC-BQ,Conc-Sub,Branca,Masculino,2,17,> 3 vezes por semana,1,Regular,Boa,Boa,Boa,0,0,0,1,0,Não,Graduação,Fundamental 2,3,3,3,Pública,3.0
233,233,IFSP,Integrado,Branca,Feminino,1,16,< 1 vez por semana,0,Regular,Muito boa,Muito boa,Muito boa,0,0,0,0,0,Não,Graduação,Ensino médio,4,4,4,Pública,4.0
438,438,ETEC-BQ,Conc-Sub,Negra,Feminino,3,19,> 3 vezes por semana,0,Regular,Muito boa,Muito boa,Boa,0,1,0,0,0,Sim,Fundamental 2,Fundamental 1,4,4,4,Pública,4.0
164,164,ETIM,Integrado,Branca,Masculino,1,15,> 3 vezes por semana,1,Regular,Regular,Boa,Ruim,1,2,5,2,6,Não,Fundamental 1,Fundamental 2,5,4,3,Pública,4.0
136,136,ETIM,Integrado,Negra,Feminino,2,17,2-3 vezes por semana,2,Regular,Boa,Boa,Muito boa,0,0,0,0,0,Sim,Pós-graduação,Graduação,3,4,5,Pública,4.0
197,197,IFSP,Integrado,Branca,Masculino,2,16,2-3 vezes por semana,0,Boa,Boa,Boa,Regular,4,1,4,1,2,Sim,Pós-graduação,Pós-graduação,3,3,3,Pública,3.0
258,258,RB,Integrado,Branca,Feminino,2,15,2-3 vezes por semana,1,Regular,Boa,Boa,Regular,0,3,3,3,0,Sim,Pós-graduação,Pós-graduação,4,4,3,Privada,3.6666666666666665
232,232,IFSP,Integrado,Parda,Feminino,1,15,> 3 vezes por semana,0,Ruim,Muito boa,Muito boa,Boa,0,1,0,0,0,Sim,Fundamental 1,Graduação,4,4,4,Pública,4.0
115,115,ETIM,Integrado,Parda,Masculino,2,17,< 1 vez por semana,0,Regular,Muito boa,Ruim,Muito boa,0,2,4,2,0,Sim,Fundamental 2,Fundamental 2,5,5,5,Pública,5.0
120,120,ETIM,Integrado,Branca,Masculino,2,16,> 3 vezes por semana,2,Ruim,Boa,Regular,Regular,0,0,0,0,0,Sim,Ensino médio,Fundamental 2,4,4,4,Pública,4.0
342,342,ETEC-OS,Conc-Sub,Branca,Masculino,1,18,1-2 vezes por semana,0,Boa,Muito boa,Boa,Boa,4,4,4,4,4,Sim,Graduação,Ensino médio,5,4,4,Pública,4.333333333333333
224,224,IFSP,Integrado,Branca,Feminino,2,17,2-3 vezes por semana,1,Boa,Boa,Boa,Regular,0,0,0,0,0,Não,Pós-graduação,Ensino médio,3,4,2,Pública,3.0
395,395,ETEC-BQ,Conc-Sub,Branca,Masculino,1,18,> 3 vezes por semana,1,Ruim,Regular,Boa,Boa,2,0,4,3,0,Não,Ensino médio,Fundamental 2,3,4,4,Pública,3.6666666666666665
331,331,ETEC-OS,Conc-Sub,Parda,Masculino,1,18,1-2 vezes por semana,1,Boa,Boa,Regular,Regular,3,3,3,3,3,Sim,Fundamental 1,Fundamental 1,3,4,4,Pública,3.6666666666666665
127,127,ETIM,Integrado,Branca,Feminino,3,18,2-3 vezes por semana,0,Boa,Boa,Boa,Boa,0,0,1,2,0,Sim,Graduação,Graduação,5,4,4,Pública,4.333333333333333
285,285,RB,Integrado,Branca,Masculino,3,16,< 1 vez por semana,0,Muito boa,Muito boa,Muito boa,Muito boa,0,2,0,0,0,Sim,Pós-graduação,Pós-graduação,5,5,5,Privada,5.0
404,404,ETEC-BQ,Conc-Sub,Branca,Masculino,3,18,2-3 vezes por semana,1,Regular,Boa,Boa,Boa,0,0,0,0,0,Não,Pós-graduação,Ensino médio,4,4,4,Pública,4.0
107,107,ETIM,Integrado,Branca,Masculino,1,16,1-2 vezes por semana,0,Regular,Regular,Boa,Regular,4,0,6,3,1,Sim,Ensino médio,Graduação,3,3,3,Pública,3.0
460,460,ETEC-HM,Conc-Sub,Branca,Feminino,2,18,> 3 vezes por semana,3,Muito ruim,Boa,Muito boa,Ruim,0,0,1,0,0,Não,Ensino médio,Ensino médio,5,4,5,Pública,4.666666666666667
320,320,SJ,Integrado,Branca,Feminino,2,16,2-3 vezes por semana,0,Regular,Boa,Muito boa,Ruim,2,6,6,2,4,Sim,Ensino médio,Graduação,2,4,4,Privada,3.333333333333333
133,133,ETIM,Integrado,Branca,Feminino,2,16,1-2 vezes por semana,2,Ruim,Muito boa,Boa,Muito boa,3,1,3,2,0,Sim,Graduação,Ensino médio,5,4,4,Pública,4.333333333333333
356,356,ETEC-BQ,Conc-Sub,Parda,Feminino,1,18,2-3 vezes por semana,1,Ruim,Muito boa,Boa,Regular,0,1,0,0,0,Sim,Fundamental 1,Fundamental 1,3,4,5,Pública,4.0
44,44,ETIM,Integrado,Branca,Masculino,3,18,> 3 vezes por semana,0,Muito ruim,Regular,Regular,Regular,0,0,4,4,1,Sim,Ensino médio,Ensino médio,2,2,4,Pública,2.6666666666666665
450,450,ETEC-BQ,Conc-Sub,Branca,Masculino,3,19,< 1 vez por semana,0,Ruim,Muito boa,Muito boa,Muito boa,0,0,0,0,0,Não,Fundamental 2,Ensino médio,5,5,5,Pública,5.0
65,65,ETIM,Integrado,Branca,Masculino,1,15,> 3 vezes por semana,3,Muito ruim,Muito boa,Boa,Regular,2,0,2,2,0,Não,Pós-graduação,Graduação,4,5,5,Pública,4.666666666666667
283,283,RB,Integrado,Branca,Feminino,3,17,2-3 vezes por semana,2,Ruim,Muito boa,Boa,Regular,0,1,2,0,0,Sim,Graduação,Pós-graduação,4,4,5,Privada,4.333333333333333
85,85,ETIM,Integrado,Branca,Masculino,2,18,> 3 vezes por semana,1,Regular,Muito boa,Boa,Boa,0,0,1,1,0,Não,Ensino médio,Ensino médio,2,4,2,Pública,2.6666666666666665
242,242,RB,Integrado,Branca,Masculino,1,15,< 1 vez por semana,0,Regular,Boa,Boa,Regular,0,1,4,2,2,Sim,Graduação,Pós-graduação,5,4,4,Privada,4.333333333333333
186,186,ETIM,Integrado,Parda,Masculino,3,18,2-3 vezes por semana,1,Boa,Muito boa,Boa,Muito boa,2,0,0,2,0,Não,Ensino médio,Ensino médio,4,4,3,Pública,3.6666666666666665
159,159,ETIM,Integrado,Negra,Feminino,1,15,< 1 vez por semana,1,Regular,Boa,Boa,Regular,2,0,0,1,0,Sim,Ensino médio,Ensino médio,3,3,3,Pública,3.0
12,12,ETIM,Integrado,Branca,Feminino,2,16,> 3 vezes por semana,1,Muito ruim,Boa,Regular,Boa,0,2,1,0,4,Sim,Ensino médio,Fundamental 2,1,3,3,Pública,2.333333333333333
35,35,ETIM,Integrado,Parda,Feminino,1,15,2-3 vezes por semana,2,Regular,Muito boa,Boa,Regular,0,2,1,0,0,Sim,Pós-graduação,Graduação,4,4,4,Pública,4.0
28,28,ETIM,Integrado,Negra,Feminino,3,18,> 3 vezes por semana,3,Regular,Muito boa,Boa,Muito ruim,0,0,2,0,0,Não,Ensino médio,Ensino médio,3,4,5,Pública,4.0
170,170,ETIM,Integrado,Parda,Masculino,2,16,< 1 vez por semana,1,Regular,Boa,Boa,Boa,2,0,0,0,0,Sim,Ensino médio,Graduação,4,5,4,Pública,4.333333333333333
142,142,ETIM,Integrado,Branca,Feminino,2,16,< 1 vez por semana,1,Muito boa,Muito boa,Regular,Boa,4,4,2,3,4,Não,Graduação,Graduação,3,4,3,Pública,3.333333333333333
391,391,ETEC-BQ,Conc-Sub,Branca,Feminino,2,18,1-2 vezes por semana,2,Ruim,Muito boa,Muito boa,Regular,0,0,0,0,0,Não,Ensino médio,Ensino médio,4,3,4,Pública,3.6666666666666665
336,336,ETEC-OS,Conc-Sub,Branca,Feminino,1,18,< 1 vez por semana,1,Boa,Muito boa,Boa,Muito boa,5,5,5,5,5,Sim,Ensino médio,Ensino médio,3,4,4,Pública,3.6666666666666665
221,221,IFSP,Integrado,Negra,Feminino,2,16,> 3 vezes por semana,1,Boa,Muito boa,Muito boa,Muito ruim,0,0,0,1,0,Sim,Ensino médio,Ensino médio,4,4,4,Pública,4.0
95,95,ETIM,Integrado,Branca,Masculino,3,18,> 3 vezes por semana,2,Ruim,Muito boa,Boa,Ruim,0,1,1,1,1,Não,Graduação,Graduação,3,4,4,Pública,3.6666666666666665
51,51,ETIM,Integrado,Branca,Masculino,3,18,< 1 vez por semana,0,Muito ruim,Boa,Boa,Regular,0,1,1,0,0,Sim,Pós-graduação,Pós-graduação,5,3,4,Pública,4.0
240,240,RB,Integrado,Branca,Masculino,1,15,2-3 vezes por semana,1,Regular,Muito boa,Muito boa,Ruim,2,2,6,3,0,Sim,Pós-graduação,Pós-graduação,4,4,4,Privada,4.0
365,365,ETEC-BQ,Conc-Sub,Parda,Masculino,1,17,2-3 vezes por semana,0,Regular,Boa,Regular,Muito boa,2,0,2,1,0,Não,Fundamental 1,Fundamental 1,1,3,3,Pública,2.333333333333333
371,371,ETEC-BQ,Conc-Sub,Parda,Masculino,3,18,1-2 vezes por semana,3,Ruim,Regular,Muito boa,Boa,0,0,0,0,0,Sim,Fundamental 2,Fundamental 2,4,4,4,Pública,4.0
178,178,ETIM,Integrado,Branca,Masculino,2,17,1-2 vezes por semana,0,Regular,Regular,Muito boa,Boa,1,0,6,0,1,Não,Graduação,Ensino médio,3,4,2,Pública,3.0
41,41,ETIM,Integrado,Parda,Feminino,3,17,2-3 vezes por semana,3,Regular,Muito boa,Boa,Regular,1,0,0,0,0,Sim,Ensino médio,Ensino médio,4,4,3,Pública,3.6666666666666665
380,380,ETEC-BQ,Conc-Sub,Branca,Feminino,2,17,1-2 vezes por semana,0,Ruim,Regular,Muito boa,Regular,0,0,0,2,0,Não,Ensino médio,Ensino médio,5,4,4,Pública,4.333333333333333
206,206,IFSP,Integrado,Branca,Masculino,2,15,2-3 vezes por semana,1,Regular,Boa,Regular,Boa,4,2,6,2,3,Sim,Ensino médio,Ensino médio,4,5,4,Pública,4.333333333333333
282,282,RB,Integrado,Branca,Feminino,3,17,2-3 vezes por semana,2,Regular,Muito boa,Boa,Boa,0,0,0,0,0,Não,Pós-graduação,Graduação,3,4,4,Privada,3.6666666666666665
254,254,RB,Integrado,Branca,Feminino,2,16,> 3 vezes por semana,2,Regular,Regular,Muito boa,Boa,0,0,4,0,0,Sim,Pós-graduação,Pós-graduação,3,5,4,Privada,4.0
405,405,ETEC-BQ,Conc-Sub,Branca,Masculino,2,16,< 1 vez por semana,0,Regular,Muito boa,Muito boa,Muito boa,0,5,2,0,2,Sim,Ensino médio,Graduação,4,3,3,Pública,3.333333333333333
4,4,ETIM,Integrado,Branca,Feminino,1,15,1-2 vezes por semana,0,Boa,Boa,Boa,Boa,1,1,2,0,1,Sim,Graduação,Graduação,4,4,3,Pública,3.6666666666666665
256,256,RB,Integrado,Parda,Feminino,2,16,2-3 vezes por semana,2,Boa,Boa,Muito boa,Boa,0,0,1,0,0,Sim,Pós-graduação,Pós-graduação,2,5,4,Privada,3.6666666666666665
439,439,ETEC-BQ,Conc-Sub,Parda,Masculino,2,19,> 3 vezes por semana,0,Regular,Boa,Regular,Boa,0,0,0,0,0,Sim,Ensino médio,Fundamental 1,4,4,4,Pública,4.0
100,100,ETIM,Integrado,Parda,Masculino,1,16,> 3 vezes por semana,1,Boa,Boa,Boa,Ruim,0,0,0,1,0,Sim,Graduação,Graduação,4,4,3,Pública,3.6666666666666665
226,226,IFSP,Integrado,Parda,Feminino,2,16,2-3 vezes por semana,1,Regular,Muito boa,Muito boa,Muito ruim,0,0,0,0,0,Não,Ensino médio,Ensino médio,4,5,3,Pública,4.0
419,419,ETEC-BQ,Conc-Sub,Branca,Feminino,2,17,> 3 vezes por semana,1,Ruim,Boa,Boa,Boa,0,0,1,1,0,Não,Ensino médio,Fundamental 1,2,3,3,Pública,2.6666666666666665
213,213,IFSP,Integrado,Branca,Masculino,2,16,< 1 vez por semana,0,Regular,Boa,Boa,Boa,0,0,0,0,0,Sim,Ensino médio,Ensino médio,4,3,3,Pública,3.333333333333333
171,171,ETIM,Integrado,Parda,Masculino,2,16,> 3 vezes por semana,1,Regular,Boa,Regular,Boa,2,0,3,0,0,Sim,Ensino médio,Ensino médio,3,3,3,Pública,3.0
98,98,ETIM,Integrado,Branca,Masculino,1,15,1-2 vezes por semana,0,Regular,Muito boa,Muito boa,Boa,0,1,2,0,0,Não,Ensino médio,Ensino médio,3,4,4,Pública,3.6666666666666665
292,292,RB,Integrado,Branca,Masculino,3,17,2-3 vezes por semana,1,Ruim,Muito boa,Muito boa,Muito ruim,0,0,0,1,0,Sim,Pós-graduação,Pós-graduação,2,5,4,Privada,3.6666666666666665
215,215,IFSP,Integrado,Branca,Masculino,2,17,1-2 vezes por semana,0,Regular,Boa,Muito boa,Muito boa,0,2,0,0,0,Sim,Ensino médio,Ensino médio,5,5,4,Pública,4.666666666666667
61,61,ETIM,Integrado,Branca,Masculino,2,17,< 1 vez por semana,0,Boa,Boa,Boa,Boa,0,0,5,5,0,Não,Graduação,Graduação,4,3,4,Pública,3.6666666666666665
47,47,ETIM,Integrado,Parda,Masculino,3,18,< 1 vez por semana,0,Boa,Muito boa,Boa,Boa,0,0,0,0,0,Não,Ensino médio,Fundamental 1,3,4,3,Pública,3.333333333333333
32,32,ETIM,Integrado,Branca,Feminino,3,18,1-2 vezes por semana,0,Boa,Boa,Boa,Muito boa,0,2,1,0,1,Sim,Graduação,Ensino médio,3,4,4,Pública,3.6666666666666665
267,267,RB,Integrado,Branca,Masculino,2,16,2-3 vezes por semana,0,Boa,Muito boa,Muito boa,Boa,0,2,0,0,0,Sim,Ensino médio,Ensino médio,5,4,5,Privada,4.666666666666667
327,327,SJ,Integrado,Branca,Feminino,3,17,1-2 vezes por semana,0,Ruim,Muito boa,Muito boa,Muito boa,0,2,0,0,0,Não,Pós-graduação,Ensino médio,5,5,5,Privada,5.0
200,200,IFSP,Integrado,Negra,Feminino,2,17,> 3 vezes por semana,2,Ruim,Boa,Muito boa,Boa,0,5,3,0,2,Não,Pós-graduação,Pós-graduação,3,4,4,Pública,3.6666666666666665
437,437,ETEC-BQ,Conc-Sub,Parda,Feminino,1,19,> 3 vezes por semana,1,Boa,Boa,Boa,Regular,0,0,0,0,0,Não,Fundamental 2,Fundamental 1,5,4,4,Pública,4.333333333333333
27,27,ETIM,Integrado,Branca,Feminino,3,17,2-3 vezes por semana,1,Ruim,Muito ruim,Ruim,Ruim,0,6,6,0,0,Não,Pós-graduação,Ensino médio,2,3,3,Pública,2.6666666666666665
382,382,ETEC-BQ,Conc-Sub,Parda,Feminino,2,16,> 3 vezes por semana,0,Regular,Boa,Boa,Boa,0,0,0,0,0,Sim,Ensino médio,Ensino médio,5,4,4,Pública,4.333333333333333
230,230,IFSP,Integrado,Branca,Feminino,1,16,2-3 vezes por semana,1,Regular,Boa,Muito boa,Muito boa,0,0,0,0,0,Sim,Graduação,Fundamental 2,3,3,3,Pública,3.0
260,260,RB,Integrado,Branca,Feminino,2,16,> 3 vezes por semana,1,Regular,Muito boa,Boa,Boa,0,1,0,0,0,Sim,Ensino médio,Graduação,4,5,4,Privada,4.333333333333333
288,288,RB,Integrado,Branca,Feminino,3,17,< 1 vez por semana,1,Boa,Muito boa,Muito boa,Boa,0,1,0,0,0,Não,Graduação,Graduação,4,4,4,Privada,4.0
162,162,ETIM,Integrado,Branca,Masculino,1,16,> 3 vezes por semana,0,Ruim,Boa,Boa,Muito boa,0,2,2,1,1,Não,Ensino médio,Graduação,2,5,4,Pública,3.6666666666666665
417,417,ETEC-BQ,Conc-Sub,Parda,Masculino,1,17,> 3 vezes por semana,1,Boa,Boa,Regular,Regular,0,0,0,0,0,Sim,Fundamental 2,Ensino médio,3,4,4,Pública,3.6666666666666665
138,138,ETIM,Integrado,Branca,Feminino,2,17,> 3 vezes por semana,1,Regular,Boa,Boa,Regular,0,0,0,0,0,Sim,Ensino médio,Graduação,3,4,3,Pública,3.333333333333333
62,62,ETIM,Integrado,Branca,Masculino,2,17,1-2 vezes por semana,1,Muito boa,Regular,Muito boa,Ruim,4,0,2,1,1,Sim,Graduação,Graduação,5,3,4,Pública,4.0
135,135,ETIM,Integrado,Branca,Feminino,2,16,> 3 vezes por semana,1,Boa,Muito boa,Regular,Boa,1,4,4,0,3,Sim,Fundamental 1,Ensino médio,3,4,3,Pública,3.333333333333333
128,128,ETIM,Integrado,Parda,Feminino,3,18,> 3 vezes por semana,1,Muito ruim,Muito boa,Boa,Muito ruim,0,1,3,2,0,Não,Graduação,Ensino médio,3,5,3,Pública,3.6666666666666665
465,465,ETEC-HM,Conc-Sub,Negra,Feminino,1,19,> 3 vezes por semana,2,Regular,Muito boa,Muito boa,Regular,0,0,0,0,0,Sim,Ensino médio,Ensino médio,5,5,4,Pública,4.666666666666667
8,8,ETIM,Integrado,Parda,Feminino,1,16,1-2 vezes por semana,0,Muito ruim,Muito boa,Boa,Regular,1,2,0,0,4,Sim,Ensino médio,Ensino médio,4,3,3,Pública,3.333333333333333
326,326,SJ,Integrado,Branca,Feminino,3,17,< 1 vez por semana,0,Regular,Boa,Boa,Boa,0,2,6,0,5,Não,Ensino médio,Graduação,3,5,3,Privada,3.6666666666666665
453,453,ETEC-BQ,Conc-Sub,Branca,Masculino,3,19,2-3 vezes por semana,1,Regular,Boa,Boa,Ruim,0,0,3,0,0,Sim,Ensino médio,Fundamental 1,3,3,3,Pública,3.0
64,64,ETIM,Integrado,Branca,Masculino,1,15,> 3 vezes por semana,2,Ruim,Muito boa,Muito boa,Regular,0,5,2,2,0,Não,Ensino médio,Ensino médio,4,5,4,Pública,4.333333333333333
300,300,SJ,Integrado,Branca,Feminino,1,15,1-2 vezes por semana,0,Regular,Muito boa,Regular,Regular,1,2,4,4,1,Sim,Pós-graduação,Graduação,5,5,3,Privada,4.333333333333333
14,14,ETIM,Integrado,Parda,Feminino,2,16,< 1 vez por semana,2,Muito ruim,Ruim,Regular,Muito ruim,0,3,0,0,0,Não,Pós-graduação,Pós-graduação,5,4,3,Pública,4.0
156,156,ETIM,Integrado,Negra,Masculino,3,18,1-2 vezes por semana,0,Boa,Muito boa,Boa,Boa,2,3,3,0,1,Sim,Ensino médio,Ensino médio,3,4,4,Pública,3.6666666666666665
40,40,ETIM,Integrado,Branca,Masculino,3,18,1-2 vezes por semana,1,Boa,Muito boa,Boa,Boa,0,1,5,1,0,Não,Ensino médio,Ensino médio,4,5,4,Pública,4.333333333333333
379,379,ETEC-BQ,Conc-Sub,Negra,Masculino,2,17,> 3 vezes por semana,0,Regular,Regular,Muito boa,Regular,4,5,6,3,3,Não,Graduação,Ensino médio,4,4,4,Pública,4.0
449,449,ETEC-BQ,Conc-Sub,Branca,Masculino,4,19,2-3 vezes por semana,2,Regular,Boa,Boa,Boa,0,0,0,0,0,Sim,Fundamental 2,Fundamental 2,4,5,5,Pública,4.666666666666667
396,396,ETEC-BQ,Conc-Sub,Parda,Masculino,1,18,> 3 vezes por semana,0,Boa,Muito boa,Boa,Boa,1,0,2,3,0,Sim,Ensino médio,Ensino médio,5,4,5,Pública,4.666666666666667
216,216,IFSP,Integrado,Negra,Masculino,2,17,2-3 vezes por semana,0,Regular,Regular,Regular,Regular,0,0,0,1,0,Sim,Fundamental 2,Ensino médio,3,4,3,Pública,3.333333333333333
279,279,RB,Integrado,Branca,Feminino,3,18,2-3 vezes por semana,0,Boa,Muito boa,Boa,Regular,0,1,0,0,0,Sim,Graduação,Graduação,3,3,3,Privada,3.0
425,425,ETEC-BQ,Conc-Sub,Branca,Masculino,2,17,< 1 vez por semana,0,Boa,Muito boa,Muito boa,Boa,0,0,0,0,0,Não,Ensino médio,Graduação,3,3,3,Pública,3.0
421,421,ETEC-BQ,Conc-Sub,Negra,Masculino,2,17,2-3 vezes por semana,0,Ruim,Boa,Boa,Regular,0,0,0,0,0,Não,Ensino médio,Graduação,4,3,3,Pública,3.333333333333333
337,337,ETEC-OS,Conc-Sub,Negra,Masculino,2,18,< 1 vez por semana,0,Muito ruim,Muito boa,Muito boa,Regular,3,3,3,3,3,Não,Ensino médio,Fundamental 2,1,3,3,Pública,2.333333333333333
236,236,RB,Integrado,Branca,Masculino,1,15,2-3 vezes por semana,1,Boa,Muito boa,Boa,Muito boa,1,0,1,0,0,Sim,Graduação,Graduação,3,4,4,Privada,3.6666666666666665
207,207,IFSP,Integrado,Negra,Feminino,2,16,2-3 vezes por semana,1,Ruim,Regular,Boa,Regular,2,2,3,0,0,Sim,Ensino médio,Ensino médio,4,4,4,Pública,4.0
212,212,IFSP,Integrado,Negra,Masculino,2,16,> 3 vezes por semana,2,Regular,Boa,Boa,Ruim,0,3,3,0,0,Sim,Graduação,Graduação,3,4,4,Pública,3.6666666666666665
295,295,SJ,Integrado,Branca,Masculino,1,15,2-3 vezes por semana,1,Muito ruim,Boa,Muito boa,Regular,1,1,3,1,1,Sim,Graduação,Graduação,1,4,4,Privada,3.0
447,447,ETEC-BQ,Conc-Sub,Parda,Masculino,4,19,1-2 vezes por semana,0,Boa,Muito boa,Muito boa,Boa,0,0,0,0,0,Sim,Pós-graduação,Graduação,4,4,3,Pública,3.6666666666666665
251,251,RB,Integrado,Branca,Feminino,1,15,> 3 vezes por semana,0,Regular,Muito boa,Muito boa,Boa,0,0,1,0,0,Sim,Graduação,Graduação,5,3,5,Privada,4.333333333333333
477,477,ETEC-HM,Conc-Sub,Parda,Feminino,3,19,> 3 vezes por semana,0,Regular,Boa,Muito boa,Muito boa,0,0,0,0,0,Não,Ensino médio,Ensino médio,3,3,3,Pública,3.0
448,448,ETEC-BQ,Conc-Sub,Parda,Masculino,4,19,< 1 vez por semana,0,Ruim,Boa,Boa,Boa,2,0,2,0,0,Não,Fundamental 2,Ensino médio,3,3,3,Pública,3.0
303,303,SJ,Integrado,Branca,Feminino,1,15,> 3 vezes por semana,0,Ruim,Boa,Regular,Muito ruim,0,3,6,2,4,Sim,Pós-graduação,Pós-graduação,5,5,5,Privada,5.0
350,350,ETEC-BQ,Conc-Sub,Branca,Masculino,2,16,2-3 vezes por semana,0,Ruim,Muito boa,Boa,Boa,0,0,1,0,0,Sim,Ensino médio,Ensino médio,3,4,4,Pública,3.6666666666666665
269,269,RB,Integrado,Branca,Feminino,2,15,2-3 vezes por semana,2,Muito boa,Muito boa,Muito boa,Boa,0,1,0,0,0,Sim,Graduação,Graduação,4,4,4,Privada,4.0
201,201,IFSP,Integrado,Branca,Feminino,2,17,2-3 vezes por semana,0,Regular,Boa,Boa,Regular,2,1,5,2,3,Sim,Pós-graduação,Ensino médio,4,5,4,Pública,4.333333333333333
161,161,ETIM,Integrado,Parda,Masculino,1,15,< 1 vez por semana,0,Regular,Muito boa,Boa,Muito boa,4,2,5,6,4,Não,Ensino médio,Graduação,3,3,3,Pública,3.0
43,43,ETIM,Integrado,Parda,Masculino,3,17,> 3 vezes por semana,3,Ruim,Muito boa,Regular,Regular,0,2,3,2,0,Sim,Ensino médio,Fundamental 1,4,3,5,Pública,4.0
217,217,IFSP,Integrado,Branca,Feminino,2,16,> 3 vezes por semana,2,Regular,Muito boa,Muito boa,Ruim,0,1,1,0,0,Sim,Graduação,Graduação,3,4,3,Pública,3.333333333333333
401,401,ETEC-BQ,Conc-Sub,Parda,Feminino,1,18,> 3 vezes por semana,2,Muito ruim,Muito boa,Boa,Ruim,0,0,0,0,0,Não,Ensino médio,Ensino médio,4,3,3,Pública,3.333333333333333
190,190,IFSP,Integrado,Parda,Masculino,2,16,1-2 vezes por semana,0,Regular,Boa,Boa,Muito boa,0,0,0,0,0,Não,Fundamental 2,Graduação,3,4,4,Pública,3.6666666666666665
309,309,SJ,Integrado,Branca,Feminino,2,16,1-2 vezes por semana,0,Muito ruim,Muito boa,Boa,Boa,0,0,0,0,0,Sim,Pós-graduação,Pós-graduação,3,4,5,Privada,4.0
259,259,RB,Integrado,Branca,Feminino,2,15,2-3 vezes por semana,1,Regular,Boa,Regular,Ruim,1,4,3,2,2,Não,Pós-graduação,Graduação,3,3,3,Privada,3.0
105,105,ETIM,Integrado,Parda,Masculino,1,15,> 3 vezes por semana,1,Boa,Muito boa,Boa,Boa,0,0,0,0,0,Sim,Ensino médio,Ensino médio,5,3,3,Pública,3.6666666666666665
53,53,ETIM,Integrado,Parda,Masculino,2,15,> 3 vezes por semana,0,Ruim,Boa,Boa,Regular,0,0,2,0,0,Sim,Fundamental 1,Fundamental 1,3,2,4,Pública,3.0
389,389,ETEC-BQ,Conc-Sub,Branca,Masculino,2,18,> 3 vezes por semana,0,Ruim,Regular,Boa,Muito ruim,0,0,4,0,0,Sim,Ensino médio,Ensino médio,4,3,4,Pública,3.6666666666666665
1,1,ETIM,Integrado,Parda,Feminino,1,15,2-3 vezes por semana,2,Ruim,Boa,Regular,Boa,0,1,0,0,0,Sim,Ensino médio,Fundamental 1,3,4,3,Pública,3.333333333333333
432,432,ETEC-BQ,Conc-Sub,Branca,Masculino,4,17,2-3 vezes por semana,0,Regular,Regular,Regular,Boa,0,0,5,2,2,Sim,Graduação,Ensino médio,2,3,3,Pública,2.6666666666666665
471,471,ETEC-HM,Conc-Sub,Parda,Feminino,2,17,> 3 vezes por semana,2,Muito ruim,Muito boa,Boa,Regular,0,0,0,0,0,Não,Fundamental 2,Fundamental 2,2,4,4,Pública,3.333333333333333
49,49,ETIM,Integrado,Branca,Masculino,3,17,> 3 vezes por semana,0,Regular,Boa,Boa,Boa,3,3,5,2,0,Não,Fundamental 1,Fundamental 1,2,4,3,Pública,3.0
80,80,ETIM,Integrado,Branca,Feminino,3,18,1-2 vezes por semana,1,Boa,Muito boa,Regular,Ruim,0,0,0,1,0,Sim,Ensino médio,Ensino médio,3,4,4,Pública,3.6666666666666665
205,205,IFSP,Integrado,Branca,Feminino,2,17,2-3 vezes por semana,3,Regular,Muito boa,Regular,Muito ruim,2,0,3,0,0,Sim,Ensino médio,Graduação,2,4,3,Pública,3.0
34,34,ETIM,Integrado,Parda,Feminino,1,15,1-2 vezes por semana,1,Boa,Regular,Boa,Boa,0,0,0,0,0,Sim,Ensino médio,Ensino médio,2,4,3,Pública,3.0
263,263,RB,Integrado,Branca,Masculino,2,16,2-3 vezes por semana,1,Regular,Muito boa,Muito boa,Muito boa,0,0,1,1,1,Sim,Pós-graduação,Graduação,4,4,4,Privada,4.0
366,366,ETEC-BQ,Conc-Sub,Negra,Masculino,1,18,< 1 vez por semana,1,Regular,Boa,Boa,Muito boa,2,0,2,0,0,Não,Ensino médio,Ensino médio,3,3,3,Pública,3.0
91,91,ETIM,Integrado,Branca,Feminino,3,18,> 3 vezes por semana,2,Regular,Regular,Boa,Muito ruim,1,6,6,2,3,Sim,Pós-graduação,Pós-graduação,4,5,5,Pública,4.666666666666667
339,339,ETEC-OS,Conc-Sub,Negra,Masculino,1,19,1-2 vezes por semana,1,Ruim,Boa,Boa,Muito boa,5,5,5,5,5,Não,Fundamental 2,Ensino médio,5,4,4,Pública,4.333333333333333
462,462,ETEC-HM,Conc-Sub,Parda,Feminino,1,19,> 3 vezes por semana,1,Regular,Muito boa,Muito boa,Regular,0,0,0,0,0,Não,Ensino médio,Ensino médio,5,5,5,Pública,5.0
52,52,ETIM,Integrado,Parda,Feminino,2,16,2-3 vezes por semana,3,Regular,Muito boa,Regular,Ruim,1,0,2,2,0,Sim,Fundamental 2,Ensino médio,3,4,4,Pública,3.6666666666666665
345,345,ETEC-OS,Conc-Sub,Parda,Feminino,2,19,< 1 vez por semana,0,Boa,Boa,Boa,Boa,4,4,4,4,4,Sim,Ensino médio,Ensino médio,2,4,4,Pública,3.333333333333333
264,264,RB,Integrado,Branca,Feminino,2,16,2-3 vezes por semana,1,Regular,Muito boa,Boa,Muito boa,0,0,2,0,1,Sim,Fundamental 1,Fundamental 2,1,3,4,Privada,2.6666666666666665
241,241,RB,Integrado,Branca,Masculino,1,15,< 1 vez por semana,2,Regular,Boa,Boa,Muito boa,2,1,6,5,2,Sim,Graduação,Pós-graduação,5,4,4,Privada,4.333333333333333
13,13,ETIM,Integrado,Parda,Feminino,2,16,2-3 vezes por semana,2,Regular,Muito boa,Muito boa,Muito boa,0,2,0,2,0,Sim,Ensino médio,Ensino médio,4,4,4,Pública,4.0
315,315,SJ,Integrado,Branca,Masculino,2,16,1-2 vezes por semana,1,Regular,Muito boa,Muito boa,Regular,0,2,0,4,2,Sim,Graduação,Ensino médio,4,3,4,Privada,3.6666666666666665
88,88,ETIM,Integrado,Parda,Masculino,3,17,2-3 vezes por semana,1,Ruim,Muito boa,Muito boa,Muito ruim,2,2,2,0,0,Não,Pós-graduação,Ensino médio,4,3,3,Pública,3.333333333333333
387,387,ETEC-BQ,Conc-Sub,Branca,Masculino,2,18,> 3 vezes por semana,0,Regular,Muito boa,Muito boa,Muito boa,0,0,0,1,0,Não,Ensino médio,Ensino médio,4,4,4,Pública,4.0
273,273,RB,Integrado,Branca,Masculino,3,16,< 1 vez por semana,1,Regular,Muito boa,Regular,Muito boa,0,2,3,0,2,Não,Graduação,Ensino médio,4,4,4,Privada,4.0
166,166,ETIM,Integrado,Negra,Masculino,1,15,2-3 vezes por semana,2,Boa,Muito boa,Boa,Boa,4,0,2,6,3,Sim,Ensino médio,Fundamental 2,4,4,3,Pública,3.6666666666666665
328,328,SJ,Integrado,Branca,Masculino,3,17,1-2 vezes por semana,1,Muito ruim,Boa,Boa,Ruim,0,0,0,0,0,Não,Graduação,Graduação,5,3,5,Privada,4.333333333333333
481,481,ETEC-HM,Conc-Sub,Branca,Feminino,3,18,> 3 vezes por semana,2,Regular,Muito boa,Boa,Regular,0,0,0,0,0,Não,Ensino médio,Ensino médio,4,5,4,Pública,4.333333333333333
134,134,ETIM,Integrado,Branca,Masculino,2,16,> 3 vezes por semana,2,Boa,Boa,Boa,Regular,0,0,1,1,0,Sim,Graduação,Graduação,4,4,4,Pública,4.0
306,306,SJ,Integrado,Branca,Masculino,2,16,1-2 vezes por semana,1,Muito ruim,Muito boa,Boa,Muito boa,0,0,0,0,0,Sim,Pós-graduação,Ensino médio,4,5,5,Privada,4.666666666666667
469,469,ETEC-HM,Conc-Sub,Negra,Feminino,3,19,< 1 vez por semana,1,Regular,Boa,Boa,Boa,0,0,0,0,0,Não,Fundamental 2,Fundamental 1,3,4,3,Pública,3.333333333333333
319,319,SJ,Integrado,Branca,Masculino,2,17,2-3 vezes por semana,1,Regular,Boa,Boa,Boa,0,5,1,0,0,Sim,Graduação,Pós-graduação,5,5,5,Privada,5.0
243,243,RB,Integrado,Branca,Feminino,1,15,> 3 vezes por semana,1,Regular,Boa,Muito boa,Regular,0,2,1,0,0,Sim,Pós-graduação,Graduação,5,2,4,Privada,3.6666666666666665
54,54,ETIM,Integrado,Branca,Masculino,2,17,> 3 vezes por semana,0,Ruim,Ruim,Ruim,Ruim,1,2,3,1,1,Sim,Ensino médio,Graduação,3,3,3,Pública,3.0
363,363,ETEC-BQ,Conc-Sub,Branca,Masculino,1,16,> 3 vezes por semana,2,Ruim,Muito boa,Muito boa,Boa,0,0,0,0,0,Sim,Ensino médio,Fundamental 2,4,5,4,Pública,4.333333333333333
50,50,ETIM,Integrado,Branca,Masculino,3,16,< 1 vez por semana,2,Boa,Muito boa,Regular,Boa,0,0,0,0,0,Sim,Ensino médio,Ensino médio,4,4,4,Pública,4.0
174,174,ETIM,Integrado,Branca,Feminino,2,17,2-3 vezes por semana,2,Muito ruim,Boa,Boa,Regular,4,3,6,1,5,Sim,Ensino médio,Ensino médio,3,4,3,Pública,3.333333333333333
445,445,ETEC-BQ,Conc-Sub,Branca,Masculino,2,16,> 3 vezes por semana,0,Ruim,Boa,Boa,Ruim,0,1,1,4,1,Sim,Ensino médio,Graduação,4,3,3,Pública,3.333333333333333
189,189,IFSP,Integrado,Branca,Masculino,2,16,< 1 vez por semana,0,Boa,Muito boa,Boa,Boa,4,0,4,2,0,Sim,Ensino médio,Graduação,5,4,4,Pública,4.333333333333333
485,485,ETEC-HM,Conc-Sub,Parda,Feminino,1,18,< 1 vez por semana,2,Regular,Muito boa,Boa,Ruim,0,0,0,0,0,Sim,Ensino médio,Fundamental 1,5,4,4,Pública,4.333333333333333
187,187,ETIM,Integrado,Parda,Masculino,3,18,> 3 vezes por semana,2,Boa,Muito boa,Boa,Boa,1,0,4,4,0,Não,Fundamental 1,Ensino médio,4,4,3,Pública,3.6666666666666665
169,169,ETIM,Integrado,Negra,Feminino,1,15,< 1 vez por semana,1,Ruim,Boa,Boa,Boa,0,1,1,0,0,Não,Graduação,Ensino médio,4,3,3,Pública,3.333333333333333
58,58,ETIM,Integrado,Branca,Masculino,2,16,2-3 vezes por semana,0,Regular,Boa,Boa,Boa,2,0,6,3,0,Sim,Ensino médio,Ensino médio,4,4,4,Pública,4.0
48,48,ETIM,Integrado,Branca,Masculino,3,17,< 1 vez por semana,0,Boa,Muito boa,Muito boa,Boa,2,0,4,0,0,Sim,Graduação,Fundamental 2,3,4,3,Pública,3.333333333333333
344,344,ETEC-OS,Conc-Sub,Parda,Masculino,2,19,> 3 vezes por semana,0,Regular,Boa,Regular,Ruim,2,2,2,2,2,Não,Fundamental 1,Fundamental 1,3,3,3,Pública,3.0
235,235,RB,Integrado,Branca,Masculino,1,16,2-3 vezes por semana,1,Boa,Muito boa,Boa,Boa,0,0,3,0,0,Sim,Pós-graduação,Graduação,4,4,4,Privada,4.0
252,252,RB,Integrado,Branca,Feminino,1,15,1-2 vezes por semana,0,Muito boa,Muito boa,Muito boa,Boa,1,3,2,1,0,Sim,Graduação,Graduação,4,4,4,Privada,4.0
21,21,ETIM,Integrado,Negra,Masculino,2,16,> 3 vezes por semana,1,Ruim,Muito boa,Regular,Muito boa,2,2,4,5,0,Não,Pós-graduação,Graduação,3,4,2,Pública,3.0
313,313,SJ,Integrado,Branca,Feminino,2,15,2-3 vezes por semana,0,Regular,Muito boa,Muito boa,Muito boa,0,1,1,1,0,Sim,Graduação,Ensino médio,2,5,5,Privada,4.0
160,160,ETIM,Integrado,Parda,Masculino,1,16,1-2 vezes por semana,1,Boa,Muito boa,Boa,Muito boa,1,2,0,0,0,Sim,Ensino médio,Graduação,5,5,5,Pública,5.0
276,276,RB,Integrado,Branca,Feminino,3,17,2-3 vezes por semana,1,Ruim,Muito boa,Boa,Regular,0,3,0,0,0,Sim,Graduação,Pós-graduação,2,5,3,Privada,3.333333333333333
443,443,ETEC-BQ,Conc-Sub,Branca,Masculino,4,19,1-2 vezes por semana,1,Ruim,Regular,Boa,Boa,3,0,3,0,0,Sim,Ensino médio,Ensino médio,3,4,4,Pública,3.6666666666666665
191,191,IFSP,Integrado,Parda,Masculino,2,17,< 1 vez por semana,0,Boa,Muito boa,Boa,Muito boa,0,0,0,0,0,Sim,Ensino médio,Fundamental 2,4,4,5,Pública,4.333333333333333
385,385,ETEC-BQ,Conc-Sub,Parda,Feminino,2,17,> 3 vezes por semana,2,Muito boa,Boa,Muito boa,Muito ruim,0,5,6,2,2,Sim,Ensino médio,Fundamental 2,1,5,4,Pública,3.333333333333333
293,293,RB,Integrado,Branca,Feminino,3,17,> 3 vezes por semana,1,Regular,Muito boa,Boa,Boa,1,1,1,1,0,Sim,Graduação,Ensino médio,3,3,3,Privada,3.0
413,413,ETEC-BQ,Conc-Sub,Parda,Masculino,1,16,> 3 vezes por semana,0,Ruim,Boa,Boa,Boa,0,0,4,0,0,Sim,Fundamental 2,Fundamental 1,3,3,3,Pública,3.0
343,343,ETEC-OS,Conc-Sub,Parda,Feminino,2,19,2-3 vezes por semana,1,Ruim,Muito boa,Boa,Regular,3,3,3,3,3,Não,Graduação,Graduação,5,4,4,Pública,4.333333333333333
257,257,RB,Integrado,Branca,Feminino,2,15,1-2 vezes por semana,1,Boa,Muito boa,Boa,Muito boa,0,1,1,2,0,Não,Graduação,Graduação,3,4,4,Privada,3.6666666666666665
308,308,SJ,Integrado,Parda,Masculino,2,16,1-2 vezes por semana,1,Muito ruim,Muito boa,Regular,Boa,1,3,3,0,4,Não,Pós-graduação,Fundamental 1,3,2,2,Privada,2.333333333333333
149,149,ETIM,Integrado,Branca,Feminino,1,15,2-3 vezes por semana,2,Boa,Boa,Boa,Ruim,0,0,0,0,0,Sim,Pós-graduação,Pós-graduação,3,5,3,Pública,3.6666666666666665
130,130,ETIM,Integrado,Branca,Masculino,3,19,> 3 vezes por semana,1,Regular,Boa,Regular,Regular,0,2,1,1,1,Sim,Ensino médio,Ensino médio,5,4,4,Pública,4.333333333333333
151,151,ETIM,Integrado,Branca,Feminino,1,16,2-3 vezes por semana,1,Regular,Boa,Boa,Ruim,0,0,0,0,1,Não,Ensino médio,Ensino médio,3,5,3,Pública,3.6666666666666665
359,359,ETEC-BQ,Conc-Sub,Parda,Masculino,1,18,< 1 vez por semana,1,Ruim,Boa,Boa,Muito boa,0,3,0,0,0,Não,Fundamental 2,Fundamental 2,3,4,4,Pública,3.6666666666666665
99,99,ETIM,Integrado,Branca,Masculino,1,15,1-2 vezes por semana,0,Boa,Muito boa,Regular,Muito boa,0,0,0,2,0,Sim,Ensino médio,Fundamental 2,5,4,4,Pública,4.333333333333333
372,372,ETEC-BQ,Conc-Sub,Parda,Feminino,3,17,> 3 vezes por semana,2,Muito ruim,Muito boa,Boa,Boa,0,3,0,0,0,Não,Ensino médio,Fundamental 2,4,4,4,Pública,4.0
87,87,ETIM,Integrado,Branca,Masculino,3,17,2-3 vezes por semana,1,Boa,Muito boa,Muito boa,Boa,0,0,0,0,0,Sim,Ensino médio,Fundamental 2,4,4,5,Pública,4.333333333333333
458,458,ETEC-HM,Conc-Sub,Branca,Masculino,2,19,> 3 vezes por semana,1,Regular,Muito boa,Boa,Boa,0,0,0,0,1,Não,Ensino médio,Ensino médio,5,5,5,Pública,5.0
330,330,ETEC-OS,Conc-Sub,Branca,Feminino,1,16,> 3 vezes por semana,2,Regular,Muito boa,Boa,Regular,3,3,3,3,3,Sim,Ensino médio,Fundamental 1,4,5,5,Pública,4.666666666666667
214,214,IFSP,Integrado,Parda,Feminino,2,16,> 3 vezes por semana,1,Regular,Boa,Muito boa,Regular,1,6,3,4,2,Não,Ensino médio,Ensino médio,2,4,3,Pública,3.0
466,466,ETEC-HM,Conc-Sub,Parda,Masculino,3,17,> 3 vezes por semana,0,Regular,Muito boa,Muito boa,Boa,0,0,0,0,0,Sim,Fundamental 2,Ensino médio,3,3,3,Pública,3.0
121,121,ETIM,Integrado,Branca,Masculino,2,16,> 3 vezes por semana,0,Regular,Boa,Boa,Muito boa,0,1,2,2,0,Sim,Graduação,Graduação,5,5,5,Pública,5.0
488,488,ETEC-HM,Conc-Sub,Negra,Masculino,1,19,2-3 vezes por semana,0,Muito ruim,Boa,Boa,Regular,0,0,0,0,0,Sim,Ensino médio,Ensino médio,4,4,4,Pública,4.0
20,20,ETIM,Integrado,Branca,Feminino,2,17,< 1 vez por semana,2,Muito ruim,Boa,Boa,Regular,1,4,0,0,1,Sim,Graduação,Graduação,4,4,4,Pública,4.0
188,188,ETIM,Integrado,Negra,Masculino,3,18,1-2 vezes por semana,0,Boa,Boa,Boa,Regular,1,0,2,2,0,Sim,Ensino médio,Ensino médio,3,2,2,Pública,2.333333333333333
71,71,ETIM,Integrado,Branca,Masculino,1,15,< 1 vez por semana,0,Boa,Boa,Boa,Boa,0,0,0,0,0,Sim,Fundamental 2,Fundamental 2,4,3,3,Pública,3.333333333333333
106,106,ETIM,Integrado,Branca,Masculino,1,16,1-2 vezes por semana,0,Regular,Boa,Regular,Boa,0,0,2,0,0,Não,Graduação,Ensino médio,5,3,4,Pública,4.0
270,270,RB,Integrado,Branca,Feminino,3,18,> 3 vezes por semana,1,Regular,Muito boa,Boa,Ruim,0,0,2,0,0,Sim,Graduação,Graduação,3,3,4,Privada,3.333333333333333
348,348,ETEC-BQ,Conc-Sub,Parda,Masculino,1,18,< 1 vez por semana,0,Boa,Muito boa,Muito boa,Muito boa,0,0,0,0,0,Sim,Ensino médio,Fundamental 2,4,4,4,Pública,4.0
435,435,ETEC-BQ,Conc-Sub,Parda,Feminino,1,19,> 3 vezes por semana,1,Regular,Regular,Boa,Regular,0,0,0,0,0,Sim,Fundamental 1,Fundamental 1,4,3,3,Pública,3.333333333333333
102,102,ETIM,Integrado,Branca,Masculino,1,15,< 1 vez por semana,1,Regular,Boa,Boa,Boa,2,0,0,0,0,Sim,Ensino médio,Ensino médio,4,4,3,Pública,3.6666666666666665
