,Escola,Curso,Cor ,Genero,Ano,Idade,Demora dormir,Sonhos ruins,Qualidade do sono,Relação com Amigos,Relação com Professores,Auto-Imag,Fisico,Social,Verbal,Material,Virtual,Mora com pais,Escolari-mãe,Escolari-pai,Nota-exatas,Nota-humanas,Nota-biológicas,Tipo escola,Bullying Total,Sofreu Bullying?,Cor Agrupada,Média-notas,Média-notas-cat,SOFREU-BULLYING
325,SJ,Integrado,Branca,Masculino,3,17,< 1 vez por semana,1,Muito ruim,Muito boa,Boa,Boa,0,0,0,0,0,Sim,Pós-graduação,Pós-graduação,2,5,3,Privada,0,Não Sofreu Bullying,Branca,3.333333333333333,3.333333333333333,False
140,ETIM,Integrado,Branca,Feminino,2,16,> 3 vezes por semana,3,Boa,Boa,Boa,Muito boa,0,3,4,0,0,Sim,Fundamental 2,Fundamental 1,3,5,4,Pública,7,Sofreu Bullying,Branca,4.0,4.0,True
433,ETEC-BQ,Conc-Sub,Branca,Masculino,4,17,< 1 vez por semana,1,Regular,Muito boa,Boa,Boa,0,0,2,2,0,Sim,Pós-graduação,Graduação,4,3,3,Pública,4,Sofreu Bullying,Branca,3.333333333333333,3.333333333333333,True
416,ETEC-BQ,Conc-Sub,Branca,Masculino,1,18,> 3 vezes por semana,0,Regular,Boa,Boa,Boa,0,0,0,0,0,Não,Fundamental 2,Graduação,4,4,4,Pública,0,Não Sofreu Bullying,Branca,4.0,4.0,False
487,ETEC-HM,Conc-Sub,Branca,Masculino,1,18,2-3 vezes por semana,2,Regular,Boa,Boa,Boa,0,0,0,0,0,Não,Ensino médio,Fundamental 1,3,4,5,Pública,0,Não Sofreu Bullying,Branca,4.0,4.0,False
25,ETIM,Integrado,Branca,Feminino,3,17,2-3 vezes por semana,2,Boa,Boa,Boa,Regular,0,1,0,1,0,Sim,Graduação,Graduação,4,3,3,Pública,2,Sofreu Bullying,Branca,3.333333333333333,3.333333333333333,True
459,ETEC-HM,Conc-Sub,Branca,Feminino,2,18,< 1 vez por semana,1,Regular,Boa,Boa,Regular,0,2,0,0,0,Não,Ensino médio,Fundamental 2,4,3,3,Pública,2,Sofreu Bullying,Branca,3.333333333333333,3.333333333333333,True
137,ETIM,Integrado,Parda,Feminino,2,17,< 1 vez por semana,0,Regular,Boa,Muito boa,Muito ruim,0,2,4,0,0,Sim,Ensino médio,Ensino médio,4,4,3,Pública,6,Sofreu Bullying,Não-Branca,3.6666666666666665,3.6666666666666665,True
454,ETEC-BQ,Conc-Sub,Branca,Masculino,1,19,< 1 vez por semana,0,Regular,Muito boa,Boa,Boa,1,0,1,2,0,Não,Ensino médio,Fundamental 1,5,2,3,Pública,4,Sofreu Bullying,Branca,3.333333333333333,3.333333333333333,True
349,ETEC-BQ,Conc-Sub,Branca,Feminino,1,16,2-3 vezes por semana,2,Regular,Boa,Boa,Regular,0,2,1,0,0,Sim,Graduação,Graduação,4,4,2,Pública,3,Sofreu Bullying,Branca,3.333333333333333,3.333333333333333,True
42,ETIM,Integrado,Branca,Masculino,3,17,1-2 vezes por semana,0,Boa,Muito boa,Muito boa,Muito boa,1,0,1,0,0,Sim,Ensino médio,Graduação,3,4,4,Pública,2,Sofreu Bullying,Branca,3.6666666666666665,3.6666666666666665,True
208,IFSP,Integrado,Branca,Masculino,2,17,> 3 vezes por semana,0,Boa,Muito boa,Regular,Ruim,0,0,0,0,0,Sim,Graduação,Graduação,4,3,3,Pública,0,Não Sofreu Bullying,Branca,3.333333333333333,3.333333333333333,False
237,RB,Integrado,Branca,Feminino,1,15,> 3 vezes por semana,1,Regular,Muito boa,Regular,Ruim,0,0,0,0,0,Sim,Graduação,Graduação,2,4,3,Privada,0,Não Sofreu Bullying,Branca,3.0,3.0,False
274,RB,Integrado,Branca,Feminino,3,17,2-3 vezes por semana,2,Regular,Muito boa,Boa,Regular,0,1,2,0,0,Não,Graduação,Graduação,1,5,3,Privada,3,Sofreu Bullying,Branca,3.0,3.0,True
249,RB,Integrado,Branca,Feminino,1,15,2-3 vezes por semana,1,Regular,Muito boa,Boa,Boa,0,0,3,0,0,Sim,Graduação,Graduação,3,3,5,Privada,3,Sofreu Bullying,Branca,3.6666666666666665,3.6666666666666665,True
467,ETEC-HM,Conc-Sub,Branca,Masculino,3,16,> 3 vezes por semana,0,Regular,Muito boa,Boa,Boa,1,0,1,0,0,Sim,Fundamental 2,Fundamental 1,4,5,4,Pública,2,Sofreu Bullying,Branca,4.333333333333333,4.333333333333333,True
355,ETEC-BQ,Conc-Sub,Branca,Feminino,1,18,2-3 vezes por semana,0,Boa,Muito boa,Muito boa,Regular,0,0,0,0,0,Sim,Fundamental 1,Ensino médio,5,4,4,Pública,0,Não Sofreu Bullying,Branca,4.333333333333333,4.333333333333333,False
410,ETEC-BQ,Conc-Sub,Branca,Masculino,1,18,1-2 vezes por semana,0,Regular,Boa,Boa,Boa,0,0,3,0,0,Não,Ensino médio,Fundamental 2,3,4,4,Pública,3,Sofreu Bullying,Branca,3.6666666666666665,3.6666666666666665,True
245,RB,Integrado,Branca,Masculino,1,15,< 1 vez por semana,0,Muito boa,Muito boa,Muito boa,Ruim,0,3,5,6,2,Sim,Pós-graduação,Pós-graduação,1,4,5,Privada,16,Sofreu Bullying,Branca,3.333333333333333,3.333333333333333,True
440,ETEC-BQ,Conc-Sub,Negra,Feminino,2,19,< 1 vez por semana,0,Ruim,Boa,Boa,Boa,0,0,2,0,0,Não,Fundamental 2,Fundamental 2,4,4,4,Pública,2,Sofreu Bullying,Não-Branca,4.0,4.0,True
22,ETIM,Integrado,Parda,Masculino,3,17,< 1 vez por semana,1,Regular,Boa,Boa,Boa,0,1,0,2,0,Sim,Ensino médio,Ensino médio,5,4,5,Pública,3,Sofreu Bullying,Não-Branca,4.666666666666667,4.666666666666667,True
321,SJ,Integrado,Branca,Masculino,2,17,1-2 vezes por semana,1,Muito ruim,Muito boa,Muito boa,Boa,0,0,0,0,0,Não,Ensino médio,Graduação,5,4,5,Privada,0,Não Sofreu Bullying,Branca,4.666666666666667,4.666666666666667,False
46,ETIM,Integrado,Parda,Masculino,3,17,2-3 vezes por semana,1,Regular,Muito boa,Boa,Ruim,1,0,2,0,0,Sim,Ensino médio,Pós-graduação,3,3,3,Pública,3,Sofreu Bullying,Não-Branca,3.0,3.0,True
31,ETIM,Integrado,Parda,Feminino,3,18,2-3 vezes por semana,2,Ruim,Boa,Boa,Boa,0,5,0,0,0,Sim,Graduação,Ensino médio,3,5,4,Pública,5,Sofreu Bullying,Não-Branca,4.0,4.0,True
113,ETIM,Integrado,Branca,Masculino,2,17,> 3 vezes por semana,0,Muito ruim,Boa,Boa,Regular,0,0,0,0,0,Sim,Fundamental 2,Ensino médio,5,3,5,Pública,0,Não Sofreu Bullying,Branca,4.333333333333333,4.333333333333333,False
370,ETEC-BQ,Conc-Sub,Negra,Feminino,3,18,< 1 vez por semana,0,Ruim,Boa,Boa,Muito boa,0,0,0,0,0,Não,Graduação,Ensino médio,3,4,4,Pública,0,Não Sofreu Bullying,Não-Branca,3.6666666666666665,3.6666666666666665,False
299,SJ,Integrado,Negra,Feminino,1,15,1-2 vezes por semana,0,Muito ruim,Muito boa,Muito boa,Muito boa,0,0,3,1,0,Sim,Ensino médio,Fundamental 1,2,4,4,Privada,4,Sofreu Bullying,Não-Branca,3.333333333333333,3.333333333333333,True
192,IFSP,Integrado,Branca,Masculino,2,17,1-2 vezes por semana,1,Ruim,Muito boa,Boa,Boa,0,1,0,2,0,Não,Ensino médio,Fundamental 2,4,4,5,Pública,3,Sofreu Bullying,Branca,4.333333333333333,4.333333333333333,True
132,ETIM,Integrado,Branca,Masculino,3,18,> 3 vezes por semana,1,Muito ruim,Muito boa,Muito ruim,Boa,1,2,4,0,0,Sim,Ensino médio,Graduação,2,3,3,Pública,7,Sofreu Bullying,Branca,2.6666666666666665,2.6666666666666665,True
57,ETIM,Integrado,Parda,Masculino,2,18,< 1 vez por semana,1,Boa,Boa,Regular,Ruim,1,2,3,2,1,Não,Ensino médio,Ensino médio,3,4,3,Pública,9,Sofreu Bullying,Não-Branca,3.333333333333333,3.333333333333333,True
182,ETIM,Integrado,Parda,Masculino,3,18,> 3 vezes por semana,0,Boa,Muito boa,Boa,Muito boa,0,0,0,0,0,Sim,Graduação,Graduação,3,3,3,Pública,0,Não Sofreu Bullying,Não-Branca,3.0,3.0,False
24,ETIM,Integrado,Parda,Feminino,3,17,> 3 vezes por semana,2,Muito ruim,Regular,Regular,Ruim,0,4,3,0,0,Sim,Fundamental 2,Ensino médio,3,4,3,Pública,7,Sofreu Bullying,Não-Branca,3.333333333333333,3.333333333333333,True
17,ETIM,Integrado,Parda,Feminino,2,16,2-3 vezes por semana,2,Regular,Boa,Regular,Regular,0,3,2,2,0,Sim,Fundamental ,Fundamental 1,5,5,5,Pública,7,Sofreu Bullying,Não-Branca,5.0,5.0,True
180,ETIM,Integrado,Branca,Masculino,2,16,> 3 vezes por semana,1,Boa,Muito boa,Muito boa,Boa,2,0,2,2,0,Sim,Graduação,Pós-graduação,4,4,3,Pública,6,Sofreu Bullying,Branca,3.6666666666666665,3.6666666666666665,True
66,ETIM,Integrado,Parda,Masculino,1,15,> 3 vezes por semana,2,Regular,Boa,Boa,Ruim,1,3,3,3,0,Sim,Ensino médio,Graduação,3,4,3,Pública,10,Sofreu Bullying,Não-Branca,3.333333333333333,3.333333333333333,True
261,RB,Integrado,Branca,Masculino,2,16,2-3 vezes por semana,1,Boa,Muito boa,Boa,Boa,0,1,2,0,0,Sim,Pós-graduação,Pós-graduação,2,3,4,Privada,3,Sofreu Bullying,Branca,3.0,3.0,True
176,ETIM,Integrado,Branca,Masculino,2,17,> 3 vezes por semana,2,Ruim,Muito boa,Boa,Boa,1,2,4,2,2,Sim,Pós-graduação,Ensino médio,4,4,3,Pública,11,Sofreu Bullying,Branca,3.6666666666666665,3.6666666666666665,True
94,ETIM,Integrado,Branca,Masculino,3,17,2-3 vezes por semana,0,Regular,Boa,Muito boa,Muito boa,0,0,0,0,0,Não,Graduação,Graduação,3,3,3,Pública,0,Não Sofreu Bullying,Branca,3.0,3.0,False
318,SJ,Integrado,Branca,Feminino,2,16,> 3 vezes por semana,0,Regular,Boa,Muito boa,Ruim,0,3,4,4,1,Não,Pós-graduação,Graduação,5,5,5,Privada,12,Sofreu Bullying,Branca,5.0,5.0,True
384,ETEC-BQ,Conc-Sub,Branca,Masculino,2,18,< 1 vez por semana,1,Ruim,Muito boa,Muito boa,Boa,0,0,2,0,0,Sim,Fundamental 2,Ensino médio,3,4,4,Pública,2,Sofreu Bullying,Branca,3.6666666666666665,3.6666666666666665,True
23,ETIM,Integrado,Parda,Masculino,3,17,2-3 vezes por semana,0,Muito ruim,Boa,Regular,Boa,0,2,2,0,0,Sim,Graduação,Fundamental 2,2,4,3,Pública,4,Sofreu Bullying,Não-Branca,3.0,3.0,True
210,IFSP,Integrado,Parda,Feminino,2,15,1-2 vezes por semana,1,Regular,Boa,Boa,Regular,0,0,0,1,0,Sim,Graduação,Ensino médio,3,4,3,Pública,1,Sofreu Bullying,Não-Branca,3.333333333333333,3.333333333333333,True
346,ETEC-OS,Conc-Sub,Parda,Masculino,2,18,< 1 vez por semana,0,Muito boa,Muito boa,Muito boa,Muito boa,5,5,5,5,5,Sim,Fundamental 2,Fundamental 2,5,4,4,Pública,25,Sofreu Bullying,Não-Branca,4.333333333333333,4.333333333333333,True
307,SJ,Integrado,Branca,Masculino,2,16,1-2 vezes por semana,1,Ruim,Muito boa,Boa,Boa,0,0,0,0,0,Sim,Graduação,Graduação,3,4,4,Privada,0,Não Sofreu Bullying,Branca,3.6666666666666665,3.6666666666666665,False
5,ETIM,Integrado,Branca,Feminino,1,15,> 3 vezes por semana,2,Muito ruim,Muito boa,Muito boa,Boa,0,5,1,0,2,Sim,Graduação,Pós-graduação,2,4,5,Pública,8,Sofreu Bullying,Branca,3.6666666666666665,3.6666666666666665,True
116,ETIM,Integrado,Negra,Masculino,2,16,2-3 vezes por semana,2,Ruim,Muito boa,Boa,Boa,5,0,6,0,4,Sim,Pós-graduação,Ensino médio,4,4,3,Pública,15,Sofreu Bullying,Não-Branca,3.6666666666666665,3.6666666666666665,True
45,ETIM,Integrado,Branca,Feminino,3,18,> 3 vezes por semana,2,Ruim,Boa,Regular,Muito ruim,0,5,6,3,3,Sim,Ensino médio,Fundamental 2,3,3,3,Pública,17,Sofreu Bullying,Branca,3.0,3.0,True
16,ETIM,Integrado,Branca,Feminino,2,17,< 1 vez por semana,0,Regular,Muito boa,Boa,Regular,0,1,3,0,0,Sim,Ensino médio,Ensino médio,4,4,4,Pública,4,Sofreu Bullying,Branca,4.0,4.0,True
452,ETEC-BQ,Conc-Sub,Branca,Masculino,4,19,> 3 vezes por semana,3,Muito ruim,Boa,Muito boa,Muito ruim,2,2,6,0,0,Não,Ensino médio,Fundamental 2,3,2,1,Pública,10,Sofreu Bullying,Branca,2.0,2.0,True
400,ETEC-BQ,Conc-Sub,Negra,Masculino,1,17,2-3 vezes por semana,2,Muito boa,Boa,Muito boa,Regular,4,4,5,4,0,Não,Fundamental 1,Fundamental 1,2,3,3,Pública,17,Sofreu Bullying,Não-Branca,2.6666666666666665,2.6666666666666665,True
3,ETIM,Integrado,Branca,Masculino,1,15,> 3 vezes por semana,0,Muito ruim,Muito boa,Boa,Boa,0,0,0,0,0,Sim,Ensino médio,Graduação,4,4,4,Pública,0,Não Sofreu Bullying,Branca,4.0,4.0,False
341,ETEC-OS,Conc-Sub,Parda,Feminino,1,19,1-2 vezes por semana,1,Regular,Boa,Boa,Muito boa,5,5,5,5,5,Sim,Ensino médio,Ensino médio,5,4,4,Pública,25,Sofreu Bullying,Não-Branca,4.333333333333333,4.333333333333333,True
446,ETEC-BQ,Conc-Sub,Branca,Masculino,2,19,2-3 vezes por semana,0,Regular,Boa,Muito boa,Boa,0,2,2,0,0,Sim,Ensino médio,Ensino médio,3,4,4,Pública,4,Sofreu Bullying,Branca,3.6666666666666665,3.6666666666666665,True
60,ETIM,Integrado,Parda,Masculino,2,16,1-2 vezes por semana,1,Regular,Muito boa,Regular,Regular,4,2,6,5,0,Sim,Ensino médio,Ensino médio,2,3,3,Pública,17,Sofreu Bullying,Não-Branca,2.6666666666666665,2.6666666666666665,True
110,ETIM,Integrado,Parda,Feminino,1,15,2-3 vezes por semana,1,Regular,Regular,Regular,Boa,1,0,2,5,1,Não,Ensino médio,Ensino médio,3,4,5,Pública,9,Sofreu Bullying,Não-Branca,4.0,4.0,True
457,ETEC-HM,Conc-Sub,Parda,Feminino,2,19,< 1 vez por semana,0,Regular,Boa,Boa,Muito ruim,0,0,2,0,0,Sim,Graduação,Fundamental 2,2,5,4,Pública,2,Sofreu Bullying,Não-Branca,3.6666666666666665,3.6666666666666665,True
301,SJ,Integrado,Branca,Masculino,1,15,2-3 vezes por semana,1,Ruim,Boa,Regular,Muito ruim,3,0,6,6,2,Sim,Graduação,Pós-graduação,4,5,2,Privada,17,Sofreu Bullying,Branca,3.6666666666666665,3.6666666666666665,True
29,ETIM,Integrado,Branca,Masculino,3,18,2-3 vezes por semana,0,Ruim,Boa,Muito boa,Muito ruim,0,3,4,0,3,Sim,Ensino médio,Ensino médio,4,5,4,Pública,10,Sofreu Bullying,Branca,4.333333333333333,4.333333333333333,True
175,ETIM,Integrado,Branca,Masculino,2,16,> 3 vezes por semana,2,Ruim,Regular,Regular,Regular,0,6,3,1,0,Sim,Ensino médio,Ensino médio,3,4,3,Pública,10,Sofreu Bullying,Branca,3.333333333333333,3.333333333333333,True
225,IFSP,Integrado,Branca,Feminino,2,16,> 3 vezes por semana,2,Boa,Regular,Boa,Regular,1,4,0,0,0,Não,Ensino médio,Ensino médio,4,3,3,Pública,5,Sofreu Bullying,Branca,3.333333333333333,3.333333333333333,True
26,ETIM,Integrado,Branca,Feminino,3,17,2-3 vezes por semana,1,Boa,Muito boa,Boa,Regular,0,2,1,0,0,Não,Graduação,Ensino médio,4,4,4,Pública,3,Sofreu Bullying,Branca,4.0,4.0,True
7,ETIM,Integrado,Parda,Feminino,1,16,2-3 vezes por semana,0,Boa,Muito boa,Muito boa,Muito boa,0,1,1,0,0,Não,Graduação,Ensino médio,2,4,3,Pública,2,Sofreu Bullying,Não-Branca,3.0,3.0,True
444,ETEC-BQ,Conc-Sub,Negra,Masculino,4,19,2-3 vezes por semana,0,Regular,Muito boa,Muito boa,Regular,0,0,0,2,2,Não,Graduação,Graduação,4,4,4,Pública,4,Sofreu Bullying,Não-Branca,4.0,4.0,True
108,ETIM,Integrado,Branca,Masculino,1,15,> 3 vezes por semana,0,Regular,Muito boa,Muito boa,Muito boa,0,0,0,1,0,Sim,Ensino médio,Ensino médio,4,5,4,Pública,1,Sofreu Bullying,Branca,4.333333333333333,4.333333333333333,True
37,ETIM,Integrado,Parda,Masculino,1,15,< 1 vez por semana,0,Boa,Boa,Muito boa,Muito ruim,0,1,0,1,0,Sim,Ensino médio,Ensino médio,1,5,4,Pública,2,Sofreu Bullying,Não-Branca,3.333333333333333,3.333333333333333,True
157,ETIM,Integrado,Negra,Masculino,3,18,1-2 vezes por semana,0,Regular,Boa,Regular,Boa,0,0,1,0,0,Sim,Fundamental 1,Fundamental 1,1,3,3,Pública,1,Sofreu Bullying,Não-Branca,2.333333333333333,2.333333333333333,True
456,ETEC-HM,Conc-Sub,Branca,Masculino,2,18,2-3 vezes por semana,0,Boa,Boa,Boa,Boa,0,0,0,0,0,Sim,Ensino médio,Ensino médio,4,5,4,Pública,0,Não Sofreu Bullying,Branca,4.333333333333333,4.333333333333333,False
118,ETIM,Integrado,Branca,Masculino,2,17,2-3 vezes por semana,1,Ruim,Muito boa,Boa,Muito boa,1,0,5,2,1,Sim,Graduação,Ensino médio,4,4,3,Pública,9,Sofreu Bullying,Branca,3.6666666666666665,3.6666666666666665,True
114,ETIM,Integrado,Parda,Masculino,2,16,2-3 vezes por semana,2,Ruim,Boa,Boa,Regular,0,2,3,1,0,Sim,Ensino médio,Ensino médio,4,4,4,Pública,6,Sofreu Bullying,Não-Branca,4.0,4.0,True
227,IFSP,Integrado,Parda,Masculino,2,16,2-3 vezes por semana,1,Regular,Muito boa,Boa,Muito ruim,0,0,0,0,0,Sim,Pós-graduação,Ensino médio,4,5,3,Pública,0,Não Sofreu Bullying,Não-Branca,4.0,4.0,False
172,ETIM,Integrado,Branca,Feminino,2,17,> 3 vezes por semana,2,Muito ruim,Boa,Boa,Muito ruim,0,3,6,0,0,Não,Graduação,Ensino médio,4,5,5,Pública,9,Sofreu Bullying,Branca,4.666666666666667,4.666666666666667,True
144,ETIM,Integrado,Branca,Feminino,2,16,> 3 vezes por semana,2,Boa,Boa,Boa,Muito boa,3,2,2,2,0,Sim,Graduação,Pós-graduação,1,4,3,Pública,9,Sofreu Bullying,Branca,2.6666666666666665,2.6666666666666665,True
362,ETEC-BQ,Conc-Sub,Negra,Masculino,1,18,> 3 vezes por semana,1,Regular,Boa,Boa,Boa,0,0,0,0,0,Não,Ensino médio,Ensino médio,5,4,4,Pública,0,Não Sofreu Bullying,Não-Branca,4.333333333333333,4.333333333333333,False
473,ETEC-HM,Conc-Sub,Negra,Feminino,2,18,1-2 vezes por semana,0,Boa,Boa,Muito boa,Regular,0,4,0,0,0,Sim,Fundamental 1,Fundamental 2,4,4,4,Pública,4,Sofreu Bullying,Não-Branca,4.0,4.0,True
185,ETIM,Integrado,Negra,Masculino,3,19,< 1 vez por semana,0,Ruim,Regular,Boa,Ruim,2,0,4,6,0,Sim,Graduação,Fundamental 1,5,4,3,Pública,12,Sofreu Bullying,Não-Branca,4.0,4.0,True
203,IFSP,Integrado,Negra,Feminino,2,17,1-2 vezes por semana,2,Regular,Muito boa,Regular,Regular,1,0,1,0,0,Sim,Fundamental 2,Fundamental 1,4,4,3,Pública,2,Sofreu Bullying,Não-Branca,3.6666666666666665,3.6666666666666665,True
418,ETEC-BQ,Conc-Sub,Parda,Masculino,1,16,2-3 vezes por semana,0,Boa,Muito boa,Regular,Boa,1,0,3,0,1,Sim,Ensino médio,Ensino médio,3,4,3,Pública,5,Sofreu Bullying,Não-Branca,3.333333333333333,3.333333333333333,True
436,ETEC-BQ,Conc-Sub,Parda,Masculino,1,19,1-2 vezes por semana,0,Ruim,Muito boa,Muito boa,Muito boa,0,0,0,0,0,Não,Ensino médio,Ensino médio,5,4,3,Pública,0,Não Sofreu Bullying,Não-Branca,4.0,4.0,False
141,ETIM,Integrado,Branca,Feminino,2,16,< 1 vez por semana,1,Regular,Muito boa,Boa,Muito boa,0,0,0,0,0,Sim,Graduação,Pós-graduação,4,3,3,Pública,0,Não Sofreu Bullying,Branca,3.333333333333333,3.333333333333333,False
358,ETEC-BQ,Conc-Sub,Parda,Masculino,1,18,< 1 vez por semana,0,Boa,Muito boa,Muito boa,Boa,0,0,0,0,0,Sim,Fundamental 1,Fundamental 1,5,4,4,Pública,0,Não Sofreu Bullying,Não-Branca,4.333333333333333,4.333333333333333,False
67,ETIM,Integrado,Branca,Masculino,1,15,2-3 vezes por semana,0,Regular,Boa,Boa,Ruim,1,1,6,0,0,Sim,Ensino médio,Ensino médio,3,5,5,Pública,8,Sofreu Bullying,Branca,4.333333333333333,4.333333333333333,True
199,IFSP,Integrado,Branca,Masculino,2,16,< 1 vez por semana,0,Boa,Muito boa,Muito boa,Boa,0,0,0,0,0,Sim,Graduação,Pós-graduação,4,4,4,Pública,0,Não Sofreu Bullying,Branca,4.0,4.0,False
168,ETIM,Integrado,Parda,Feminino,1,15,< 1 vez por semana,2,Ruim,Muito boa,Muito boa,Boa,0,1,0,0,0,Sim,Graduação,Ensino médio,4,3,1,Pública,1,Sofreu Bullying,Não-Branca,2.6666666666666665,2.6666666666666665,True
368,ETEC-BQ,Conc-Sub,Negra,Masculino,1,18,> 3 vezes por semana,1,Regular,Boa,Boa,Boa,0,0,1,0,0,Sim,Fundamental 2,Ensino médio,5,3,2,Pública,1,Sofreu Bullying,Não-Branca,3.333333333333333,3.333333333333333,True
402,ETEC-BQ,Conc-Sub,Branca,Masculino,1,16,> 3 vezes por semana,0,Regular,Boa,Boa,Regular,0,1,5,3,0,Sim,Ensino médio,Ensino médio,5,4,3,Pública,9,Sofreu Bullying,Branca,4.0,4.0,True
234,IFSP,Integrado,Branca,Feminino,1,15,2-3 vezes por semana,0,Regular,Muito boa,Boa,Boa,0,0,0,0,0,Sim,Ensino médio,Ensino médio,2,4,4,Pública,0,Não Sofreu Bullying,Branca,3.333333333333333,3.333333333333333,False
109,ETIM,Integrado,Branca,Masculino,1,16,> 3 vezes por semana,1,Ruim,Boa,Regular,Regular,2,2,3,0,0,Não,Graduação,Ensino médio,2,2,2,Pública,7,Sofreu Bullying,Branca,2.0,2.0,True
476,ETEC-HM,Conc-Sub,Branca,Feminino,2,18,2-3 vezes por semana,0,Muito boa,Ruim,Muito boa,Boa,0,0,0,0,0,Não,Ensino médio,Ensino médio,4,4,4,Pública,0,Não Sofreu Bullying,Branca,4.0,4.0,False
145,ETIM,Integrado,Parda,Feminino,1,16,2-3 vezes por semana,2,Regular,Boa,Boa,Ruim,2,3,2,1,0,Sim,Ensino médio,Ensino médio,2,4,2,Pública,8,Sofreu Bullying,Não-Branca,2.6666666666666665,2.6666666666666665,True
455,ETEC-BQ,Conc-Sub,Branca,Masculino,1,19,< 1 vez por semana,2,Regular,Muito boa,Boa,Regular,0,2,3,4,0,Não,Graduação,Graduação,4,4,3,Pública,9,Sofreu Bullying,Branca,3.6666666666666665,3.6666666666666665,True
152,ETIM,Integrado,Parda,Feminino,1,15,2-3 vezes por semana,3,Ruim,Boa,Regular,Ruim,1,4,3,1,0,Não,Ensino médio,Graduação,5,3,2,Pública,9,Sofreu Bullying,Não-Branca,3.333333333333333,3.333333333333333,True
253,RB,Integrado,Branca,Feminino,2,15,2-3 vezes por semana,2,Boa,Boa,Boa,Muito boa,0,0,0,0,0,Sim,Pós-graduação,Pós-graduação,4,5,5,Privada,0,Não Sofreu Bullying,Branca,4.666666666666667,4.666666666666667,False
218,IFSP,Integrado,Branca,Feminino,2,16,> 3 vezes por semana,0,Boa,Ruim,Muito boa,Boa,0,6,3,2,4,Não,Graduação,Ensino médio,3,5,4,Pública,15,Sofreu Bullying,Branca,4.0,4.0,True
83,ETIM,Integrado,Branca,Masculino,3,18,< 1 vez por semana,0,Regular,Boa,Boa,Muito boa,0,0,0,0,0,Sim,Ensino médio,Ensino médio,3,4,5,Pública,0,Não Sofreu Bullying,Branca,4.0,4.0,False
296,SJ,Integrado,Branca,Feminino,1,15,1-2 vezes por semana,0,Muito ruim,Muito boa,Muito boa,Ruim,0,0,0,0,0,Sim,Graduação,Graduação,5,4,5,Privada,0,Não Sofreu Bullying,Branca,4.666666666666667,4.666666666666667,False
165,ETIM,Integrado,Branca,Masculino,1,15,< 1 vez por semana,0,Regular,Muito boa,Boa,Muito boa,0,0,0,4,0,Sim,Ensino médio,Ensino médio,4,4,3,Pública,4,Sofreu Bullying,Branca,3.6666666666666665,3.6666666666666665,True
248,RB,Integrado,Branca,Feminino,1,15,> 3 vezes por semana,0,Boa,Boa,Boa,Regular,0,1,0,0,0,Sim,Pós-graduação,Pós-graduação,5,4,4,Privada,1,Sofreu Bullying,Branca,4.333333333333333,4.333333333333333,True
228,IFSP,Integrado,Negra,Feminino,1,15,1-2 vezes por semana,1,Boa,Boa,Boa,Regular,0,2,3,0,0,Sim,Ensino médio,Ensino médio,3,4,2,Pública,5,Sofreu Bullying,Não-Branca,3.0,3.0,True
74,ETIM,Integrado,Branca,Masculino,3,17,< 1 vez por semana,0,Regular,Muito boa,Boa,Regular,0,0,0,0,0,Não,Ensino médio,Ensino médio,4,3,4,Pública,0,Não Sofreu Bullying,Branca,3.6666666666666665,3.6666666666666665,False
399,ETEC-BQ,Conc-Sub,Negra,Masculino,1,16,< 1 vez por semana,0,Regular,Muito boa,Muito boa,Boa,0,0,0,2,0,Sim,Fundamental 2,Fundamental 2,4,3,4,Pública,2,Sofreu Bullying,Não-Branca,3.6666666666666665,3.6666666666666665,True
266,RB,Integrado,Branca,Masculino,2,16,2-3 vezes por semana,2,Regular,Muito boa,Muito boa,Regular,0,0,1,0,0,Sim,Pós-graduação,Pós-graduação,3,5,2,Privada,1,Sofreu Bullying,Branca,3.333333333333333,3.333333333333333,True
238,RB,Integrado,Parda,Feminino,1,15,> 3 vezes por semana,2,Regular,Muito boa,Regular,Regular,0,6,3,3,0,Não,Pós-graduação,Pós-graduação,2,4,4,Privada,12,Sofreu Bullying,Não-Branca,3.333333333333333,3.333333333333333,True
119,ETIM,Integrado,Branca,Masculino,2,16,2-3 vezes por semana,0,Ruim,Muito boa,Boa,Boa,0,1,6,0,1,Sim,Pós-graduação,Pós-graduação,4,4,4,Pública,8,Sofreu Bullying,Branca,4.0,4.0,True
277,RB,Integrado,Branca,Feminino,3,16,2-3 vezes por semana,1,Ruim,Regular,Regular,Boa,1,6,3,1,5,Sim,Pós-graduação,Pós-graduação,3,4,4,Privada,16,Sofreu Bullying,Branca,3.6666666666666665,3.6666666666666665,True
294,RB,Integrado,Branca,Feminino,3,17,> 3 vezes por semana,1,Ruim,Muito boa,Boa,Boa,0,5,0,0,1,Sim,Graduação,Graduação,1,4,3,Privada,6,Sofreu Bullying,Branca,2.6666666666666665,2.6666666666666665,True
441,ETEC-BQ,Conc-Sub,Branca,Masculino,2,18,1-2 vezes por semana,0,Muito boa,Muito boa,Muito boa,Boa,0,0,0,0,0,Sim,Ensino médio,Graduação,4,4,4,Pública,0,Não Sofreu Bullying,Branca,4.0,4.0,False
347,ETEC-OS,Conc-Sub,Parda,Masculino,3,18,> 3 vezes por semana,1,Regular,Boa,Boa,Boa,4,4,4,4,4,Não,Graduação,Graduação,4,3,4,Pública,20,Sofreu Bullying,Não-Branca,3.6666666666666665,3.6666666666666665,True
351,ETEC-BQ,Conc-Sub,Branca,Feminino,2,17,> 3 vezes por semana,2,Regular,Boa,Regular,Regular,0,0,0,0,0,Não,Ensino médio,Fundamental 2,5,4,4,Pública,0,Não Sofreu Bullying,Branca,4.333333333333333,4.333333333333333,False
244,RB,Integrado,Branca,Feminino,1,15,< 1 vez por semana,1,Muito boa,Muito boa,Muito boa,Muito boa,0,1,1,2,0,Sim,Pós-graduação,Pós-graduação,2,4,3,Privada,4,Sofreu Bullying,Branca,3.0,3.0,True
222,IFSP,Integrado,Negra,Feminino,2,17,1-2 vezes por semana,0,Ruim,Muito boa,Boa,Muito boa,0,0,0,0,0,Sim,Ensino médio,Ensino médio,3,5,4,Pública,0,Não Sofreu Bullying,Não-Branca,4.0,4.0,False
375,ETEC-BQ,Conc-Sub,Branca,Masculino,2,18,< 1 vez por semana,1,Ruim,Muito boa,Muito boa,Muito boa,2,2,4,0,2,Sim,Fundamental 1,Fundamental 1,3,4,4,Pública,10,Sofreu Bullying,Branca,3.6666666666666665,3.6666666666666665,True
406,ETEC-BQ,Conc-Sub,Parda,Masculino,4,18,> 3 vezes por semana,0,Ruim,Muito boa,Muito boa,Boa,0,5,1,0,2,Sim,Ensino médio,Fundamental 2,5,4,4,Pública,8,Sofreu Bullying,Não-Branca,4.333333333333333,4.333333333333333,True
36,ETIM,Integrado,Branca,Feminino,1,15,< 1 vez por semana,1,Regular,Muito boa,Muito boa,Boa,0,0,0,0,0,Sim,Graduação,Ensino médio,4,5,3,Pública,0,Não Sofreu Bullying,Branca,4.0,4.0,False
196,IFSP,Integrado,Branca,Masculino,2,16,< 1 vez por semana,0,Regular,Muito boa,Muito boa,Muito boa,2,0,0,0,0,Sim,Pós-graduação,Pós-graduação,5,5,5,Pública,2,Sofreu Bullying,Branca,5.0,5.0,True
139,ETIM,Integrado,Branca,Feminino,2,16,> 3 vezes por semana,3,Regular,Regular,Boa,Muito ruim,3,4,2,0,0,Sim,Graduação,Ensino médio,3,4,4,Pública,9,Sofreu Bullying,Branca,3.6666666666666665,3.6666666666666665,True
357,ETEC-BQ,Conc-Sub,Branca,Masculino,1,16,1-2 vezes por semana,0,Boa,Muito boa,Regular,Regular,0,0,1,0,0,Sim,Ensino médio,Ensino médio,4,3,2,Pública,1,Sofreu Bullying,Branca,3.0,3.0,True
412,ETEC-BQ,Conc-Sub,Negra,Masculino,4,18,1-2 vezes por semana,1,Boa,Boa,Muito boa,Boa,0,0,0,0,0,Não,Fundamental 1,Fundamental 1,4,4,4,Pública,0,Não Sofreu Bullying,Não-Branca,4.0,4.0,False
280,RB,Integrado,Branca,Feminino,3,18,> 3 vezes por semana,0,Boa,Muito boa,Boa,Muito boa,0,1,0,0,0,Sim,Graduação,Graduação,3,4,4,Privada,1,Sofreu Bullying,Branca,3.6666666666666665,3.6666666666666665,True
281,RB,Integrado,Branca,Feminino,3,17,1-2 vezes por semana,3,Regular,Muito boa,Boa,Regular,0,0,1,0,0,Sim,Graduação,Graduação,3,5,4,Privada,1,Sofreu Bullying,Branca,4.0,4.0,True
59,ETIM,Integrado,Branca,Masculino,2,17,< 1 vez por semana,0,Regular,Boa,Boa,Boa,4,2,4,0,0,Sim,Ensino médio,Ensino médio,5,3,4,Pública,10,Sofreu Bullying,Branca,4.0,4.0,True
111,ETIM,Integrado,Branca,Masculino,2,16,1-2 vezes por semana,3,Ruim,Muito boa,Regular,Muito boa,4,3,6,1,0,Não,Graduação,Ensino médio,3,5,4,Pública,14,Sofreu Bullying,Branca,4.0,4.0,True
287,RB,Integrado,Branca,Masculino,3,18,> 3 vezes por semana,0,Ruim,Muito boa,Muito boa,Boa,0,0,4,0,0,Sim,Graduação,Graduação,3,5,4,Privada,4,Sofreu Bullying,Branca,4.0,4.0,True
409,ETEC-BQ,Conc-Sub,Branca,Masculino,4,18,2-3 vezes por semana,1,Ruim,Regular,Boa,Regular,1,6,6,2,3,Sim,Ensino médio,Graduação,4,3,4,Pública,18,Sofreu Bullying,Branca,3.6666666666666665,3.6666666666666665,True
6,ETIM,Integrado,Parda,Masculino,1,16,> 3 vezes por semana,1,Ruim,Boa,Boa,Regular,0,0,0,0,0,Sim,Ensino médio,Graduação,3,3,3,Pública,0,Não Sofreu Bullying,Não-Branca,3.0,3.0,False
353,ETEC-BQ,Conc-Sub,Branca,Masculino,2,18,> 3 vezes por semana,0,Regular,Boa,Boa,Boa,0,0,0,0,0,Sim,Ensino médio,Ensino médio,4,3,3,Pública,0,Não Sofreu Bullying,Branca,3.333333333333333,3.333333333333333,False
423,ETEC-BQ,Conc-Sub,Branca,Masculino,2,18,> 3 vezes por semana,0,Muito boa,Boa,Boa,Muito boa,3,3,6,5,0,Sim,Pós-graduação,Graduação,3,3,3,Pública,17,Sofreu Bullying,Branca,3.0,3.0,True
332,ETEC-OS,Conc-Sub,Negra,Feminino,1,19,< 1 vez por semana,0,Regular,Muito boa,Regular,Boa,4,4,4,4,4,Sim,Fundamental 1,Fundamental 1,3,4,4,Pública,20,Sofreu Bullying,Não-Branca,3.6666666666666665,3.6666666666666665,True
158,ETIM,Integrado,Branca,Masculino,3,18,> 3 vezes por semana,0,Regular,Boa,Regular,Muito boa,1,0,3,2,2,Sim,Pós-graduação,Ensino médio,4,4,4,Pública,8,Sofreu Bullying,Branca,4.0,4.0,True
150,ETIM,Integrado,Branca,Masculino,1,15,2-3 vezes por semana,0,Regular,Muito boa,Boa,Muito boa,0,0,1,0,0,Sim,Ensino médio,Ensino médio,4,5,4,Pública,1,Sofreu Bullying,Branca,4.333333333333333,4.333333333333333,True
177,ETIM,Integrado,Branca,Masculino,2,16,2-3 vezes por semana,0,Ruim,Ruim,Regular,Muito ruim,4,4,6,2,2,Sim,Ensino médio,Ensino médio,2,4,3,Pública,18,Sofreu Bullying,Branca,3.0,3.0,True
386,ETEC-BQ,Conc-Sub,Negra,Feminino,2,18,> 3 vezes por semana,1,Regular,Boa,Boa,Regular,0,0,0,0,0,Não,Fundamental 1,Fundamental 2,3,4,4,Pública,0,Não Sofreu Bullying,Não-Branca,3.6666666666666665,3.6666666666666665,False
184,ETIM,Integrado,Parda,Masculino,3,18,2-3 vezes por semana,3,Regular,Muito boa,Boa,Ruim,1,0,3,1,2,Sim,Ensino médio,Ensino médio,4,4,4,Pública,7,Sofreu Bullying,Não-Branca,4.0,4.0,True
278,RB,Integrado,Branca,Feminino,3,17,< 1 vez por semana,1,Boa,Muito boa,Boa,Regular,0,3,2,0,0,Sim,Pós-graduação,Pós-graduação,4,3,4,Privada,5,Sofreu Bullying,Branca,3.6666666666666665,3.6666666666666665,True
10,ETIM,Integrado,Parda,Feminino,1,15,1-2 vezes por semana,0,Regular,Boa,Boa,Regular,0,0,0,2,0,Sim,Ensino médio,Ensino médio,2,4,4,Pública,2,Sofreu Bullying,Não-Branca,3.333333333333333,3.333333333333333,True
373,ETEC-BQ,Conc-Sub,Branca,Feminino,3,18,> 3 vezes por semana,1,Muito ruim,Regular,Regular,Muito ruim,0,0,0,0,0,Sim,Graduação,Ensino médio,2,4,3,Pública,0,Não Sofreu Bullying,Branca,3.0,3.0,False
103,ETIM,Integrado,Branca,Masculino,1,15,> 3 vezes por semana,1,Ruim,Muito boa,Boa,Muito boa,3,0,2,0,0,Não,Graduação,Graduação,3,3,3,Pública,5,Sofreu Bullying,Branca,3.0,3.0,True
81,ETIM,Integrado,Negra,Masculino,3,19,2-3 vezes por semana,2,Ruim,Regular,Boa,Ruim,2,6,5,4,2,Sim,Ensino médio,Ensino médio,3,3,4,Pública,19,Sofreu Bullying,Não-Branca,3.333333333333333,3.333333333333333,True
38,ETIM,Integrado,Branca,Feminino,1,15,< 1 vez por semana,0,Regular,Muito boa,Muito boa,Muito boa,0,0,0,0,0,Sim,Pós-graduação,Pós-graduação,5,4,5,Pública,0,Não Sofreu Bullying,Branca,4.666666666666667,4.666666666666667,False
408,ETEC-BQ,Conc-Sub,Branca,Masculino,4,18,> 3 vezes por semana,2,Ruim,Regular,Boa,Ruim,0,1,2,0,0,Não,Ensino médio,Graduação,4,3,3,Pública,3,Sofreu Bullying,Branca,3.333333333333333,3.333333333333333,True
167,ETIM,Integrado,Branca,Masculino,1,15,< 1 vez por semana,1,Muito boa,Boa,Boa,Regular,0,0,0,0,0,Sim,Graduação,Graduação,3,2,2,Pública,0,Não Sofreu Bullying,Branca,2.333333333333333,2.333333333333333,False
475,ETEC-HM,Conc-Sub,Parda,Feminino,2,19,> 3 vezes por semana,1,Regular,Boa,Muito boa,Ruim,0,0,1,0,0,Não,Ensino médio,Ensino médio,5,5,4,Pública,1,Sofreu Bullying,Não-Branca,4.666666666666667,4.666666666666667,True
291,RB,Integrado,Branca,Feminino,3,17,1-2 vezes por semana,1,Ruim,Muito boa,Muito boa,Muito boa,0,1,0,0,1,Não,Pós-graduação,Pós-graduação,2,4,5,Privada,2,Sofreu Bullying,Branca,3.6666666666666665,3.6666666666666665,True
367,ETEC-BQ,Conc-Sub,Branca,Masculino,1,18,1-2 vezes por semana,0,Muito boa,Boa,Boa,Regular,0,0,0,0,0,Sim,Ensino médio,Graduação,4,5,4,Pública,0,Não Sofreu Bullying,Branca,4.333333333333333,4.333333333333333,False
198,IFSP,Integrado,Branca,Masculino,2,16,1-2 vezes por semana,0,Boa,Muito boa,Boa,Regular,2,0,2,0,0,Sim,Graduação,Ensino médio,3,3,3,Pública,4,Sofreu Bullying,Branca,3.0,3.0,True
354,ETEC-BQ,Conc-Sub,Parda,Feminino,1,18,2-3 vezes por semana,1,Boa,Muito boa,Boa,Boa,0,0,0,0,0,Sim,Fundamental 1,Graduação,3,5,5,Pública,0,Não Sofreu Bullying,Não-Branca,4.333333333333333,4.333333333333333,False
250,RB,Integrado,Branca,Feminino,1,15,> 3 vezes por semana,1,Boa,Muito boa,Muito boa,Boa,0,1,1,0,0,Sim,Graduação,Graduação,2,2,2,Privada,2,Sofreu Bullying,Branca,2.0,2.0,True
247,RB,Integrado,Branca,Feminino,1,15,2-3 vezes por semana,1,Ruim,Boa,Muito boa,Regular,0,5,2,0,0,Não,Pós-graduação,Pós-graduação,5,2,5,Privada,7,Sofreu Bullying,Branca,4.0,4.0,True
194,IFSP,Integrado,Parda,Feminino,2,16,< 1 vez por semana,1,Regular,Boa,Boa,Boa,0,2,0,2,0,Não,Fundamental 2,Ensino médio,3,4,4,Pública,4,Sofreu Bullying,Não-Branca,3.6666666666666665,3.6666666666666665,True
89,ETIM,Integrado,Branca,Feminino,3,17,2-3 vezes por semana,3,Muito ruim,Ruim,Muito boa,Muito ruim,1,5,4,0,4,Não,Fundamental 1,Ensino médio,1,2,2,Pública,14,Sofreu Bullying,Branca,1.6666666666666667,1.6666666666666667,True
146,ETIM,Integrado,Branca,Feminino,1,16,2-3 vezes por semana,1,Regular,Boa,Boa,Boa,0,0,0,1,0,Sim,Graduação,Fundamental 2,4,4,4,Pública,1,Sofreu Bullying,Branca,4.0,4.0,True
163,ETIM,Integrado,Branca,Masculino,1,16,> 3 vezes por semana,1,Ruim,Muito boa,Boa,Ruim,2,2,6,0,1,Sim,Ensino médio,Ensino médio,4,4,4,Pública,11,Sofreu Bullying,Branca,4.0,4.0,True
255,RB,Integrado,Branca,Feminino,2,16,> 3 vezes por semana,0,Regular,Boa,Muito boa,Boa,0,0,1,0,0,Sim,Pós-graduação,Pós-graduação,5,5,5,Privada,1,Sofreu Bullying,Branca,5.0,5.0,True
147,ETIM,Integrado,Parda,Feminino,1,16,< 1 vez por semana,0,Regular,Muito boa,Boa,Regular,0,0,0,0,0,Sim,Ensino médio,Ensino médio,3,5,4,Pública,0,Não Sofreu Bullying,Não-Branca,4.0,4.0,False
2,ETIM,Integrado,Branca,Feminino,1,16,> 3 vezes por semana,1,Ruim,Boa,Boa,Ruim,0,1,2,0,2,Sim,Graduação,Graduação,3,5,4,Pública,5,Sofreu Bullying,Branca,4.0,4.0,True
92,ETIM,Integrado,Branca,Masculino,3,17,2-3 vezes por semana,1,Regular,Boa,Boa,Boa,0,0,3,1,0,Não,Ensino médio,Ensino médio,5,4,5,Pública,4,Sofreu Bullying,Branca,4.666666666666667,4.666666666666667,True
392,ETEC-BQ,Conc-Sub,Parda,Feminino,2,17,1-2 vezes por semana,1,Ruim,Boa,Boa,Ruim,0,0,0,0,0,Não,Ensino médio,Fundamental 2,5,5,4,Pública,0,Não Sofreu Bullying,Não-Branca,4.666666666666667,4.666666666666667,False
69,ETIM,Integrado,Branca,Feminino,1,16,1-2 vezes por semana,2,Regular,Boa,Boa,Ruim,0,1,0,0,0,Sim,Fundamental 2,Graduação,4,4,3,Pública,1,Sofreu Bullying,Branca,3.6666666666666665,3.6666666666666665,True
305,SJ,Integrado,Branca,Feminino,2,16,< 1 vez por semana,1,Ruim,Boa,Muito boa,Ruim,0,4,2,1,0,Não,Pós-graduação,Pós-graduação,4,4,4,Privada,7,Sofreu Bullying,Branca,4.0,4.0,True
123,ETIM,Integrado,Parda,Feminino,3,18,< 1 vez por semana,0,Muito boa,Muito boa,Regular,Boa,5,2,6,2,2,Sim,Graduação,Pós-graduação,2,5,3,Pública,17,Sofreu Bullying,Não-Branca,3.333333333333333,3.333333333333333,True
361,ETEC-BQ,Conc-Sub,Parda,Masculino,1,16,> 3 vezes por semana,1,Boa,Muito boa,Regular,Regular,1,0,1,1,1,Sim,Ensino médio,Ensino médio,3,4,3,Pública,4,Sofreu Bullying,Não-Branca,3.333333333333333,3.333333333333333,True
96,ETIM,Integrado,Branca,Masculino,3,18,1-2 vezes por semana,0,Muito ruim,Boa,Boa,Boa,0,0,0,0,0,Não,Fundamental 1,Fundamental 2,3,3,4,Pública,0,Não Sofreu Bullying,Branca,3.333333333333333,3.333333333333333,False
143,ETIM,Integrado,Branca,Masculino,2,16,1-2 vezes por semana,1,Regular,Boa,Boa,Boa,2,0,1,0,0,Sim,Ensino médio,Fundamental 2,4,3,3,Pública,3,Sofreu Bullying,Branca,3.333333333333333,3.333333333333333,True
239,RB,Integrado,Branca,Masculino,1,15,< 1 vez por semana,0,Muito boa,Muito boa,Muito ruim,Muito boa,0,0,0,4,0,Sim,Graduação,Pós-graduação,4,4,5,Privada,4,Sofreu Bullying,Branca,4.333333333333333,4.333333333333333,True
268,RB,Integrado,Branca,Masculino,2,16,> 3 vezes por semana,0,Regular,Muito boa,Boa,Regular,0,0,4,0,0,Sim,Graduação,Graduação,2,4,3,Privada,4,Sofreu Bullying,Branca,3.0,3.0,True
97,ETIM,Integrado,Branca,Feminino,3,18,2-3 vezes por semana,0,Regular,Boa,Boa,Boa,0,0,0,0,0,Sim,Ensino médio,Ensino médio,4,5,5,Pública,0,Não Sofreu Bullying,Branca,4.666666666666667,4.666666666666667,False
374,ETEC-BQ,Conc-Sub,Parda,Masculino,2,18,2-3 vezes por semana,1,Regular,Boa,Boa,Muito boa,0,0,1,1,0,Sim,Ensino médio,Ensino médio,4,5,5,Pública,2,Sofreu Bullying,Não-Branca,4.666666666666667,4.666666666666667,True
122,ETIM,Integrado,Branca,Feminino,3,18,2-3 vezes por semana,2,Regular,Boa,Boa,Muito boa,0,2,0,0,0,Não,Pós-graduação,Ensino médio,3,4,5,Pública,2,Sofreu Bullying,Branca,4.0,4.0,True
183,ETIM,Integrado,Branca,Masculino,3,19,> 3 vezes por semana,1,Ruim,Boa,Boa,Muito boa,4,4,4,4,2,Não,Ensino médio,Ensino médio,2,5,4,Pública,18,Sofreu Bullying,Branca,3.6666666666666665,3.6666666666666665,True
202,IFSP,Integrado,Parda,Masculino,2,16,1-2 vezes por semana,0,Regular,Muito boa,Regular,Regular,0,1,2,0,0,Não,Graduação,Graduação,1,4,3,Pública,3,Sofreu Bullying,Não-Branca,2.6666666666666665,2.6666666666666665,True
246,RB,Integrado,Branca,Feminino,1,14,1-2 vezes por semana,0,Boa,Muito boa,Muito boa,Boa,0,0,0,0,0,Sim,Pós-graduação,Graduação,4,5,4,Privada,0,Não Sofreu Bullying,Branca,4.333333333333333,4.333333333333333,False
383,ETEC-BQ,Conc-Sub,Parda,Masculino,2,18,< 1 vez por semana,0,Regular,Muito boa,Boa,Boa,0,0,0,0,0,Sim,Fundamental 1,Ensino médio,4,4,4,Pública,0,Não Sofreu Bullying,Não-Branca,4.0,4.0,False
463,ETEC-HM,Conc-Sub,Parda,Feminino,1,19,2-3 vezes por semana,3,Muito ruim,Muito boa,Muito boa,Regular,0,0,0,0,0,Não,Fundamental 2,Fundamental 2,5,5,4,Pública,0,Não Sofreu Bullying,Não-Branca,4.666666666666667,4.666666666666667,False
377,ETEC-BQ,Conc-Sub,Parda,Masculino,2,18,< 1 vez por semana,0,Muito boa,Boa,Muito boa,Muito boa,0,0,0,0,0,Sim,Ensino médio,Ensino médio,4,4,4,Pública,0,Não Sofreu Bullying,Não-Branca,4.0,4.0,False
394,ETEC-BQ,Conc-Sub,Parda,Masculino,1,18,2-3 vezes por semana,1,Boa,Muito boa,Boa,Boa,1,0,1,3,0,Não,Fundamental 1,Fundamental 2,3,4,2,Pública,5,Sofreu Bullying,Não-Branca,3.0,3.0,True
388,ETEC-BQ,Conc-Sub,Parda,Feminino,2,17,> 3 vezes por semana,2,Ruim,Boa,Boa,Ruim,2,2,2,1,0,Não,Fundamental 1,Ensino médio,3,5,5,Pública,7,Sofreu Bullying,Não-Branca,4.333333333333333,4.333333333333333,True
414,ETEC-BQ,Conc-Sub,Parda,Masculino,1,18,> 3 vezes por semana,0,Regular,Boa,Boa,Regular,0,0,2,0,0,Sim,Ensino médio,Ensino médio,3,3,3,Pública,2,Sofreu Bullying,Não-Branca,3.0,3.0,True
125,ETIM,Integrado,Parda,Feminino,3,19,> 3 vezes por semana,2,Ruim,Muito boa,Boa,Regular,1,2,2,1,0,Não,Ensino médio,Ensino médio,3,4,4,Pública,6,Sofreu Bullying,Não-Branca,3.6666666666666665,3.6666666666666665,True
297,SJ,Integrado,Branca,Masculino,1,15,2-3 vezes por semana,1,Regular,Boa,Boa,Regular,2,6,6,6,5,Sim,Ensino médio,Graduação,5,4,3,Privada,25,Sofreu Bullying,Branca,4.0,4.0,True
223,IFSP,Integrado,Parda,Feminino,2,16,> 3 vezes por semana,2,Regular,Boa,Boa,Boa,0,5,0,0,0,Sim,Graduação,Graduação,5,4,5,Pública,5,Sofreu Bullying,Não-Branca,4.666666666666667,4.666666666666667,True
411,ETEC-BQ,Conc-Sub,Branca,Masculino,4,18,1-2 vezes por semana,1,Muito ruim,Boa,Boa,Muito ruim,0,0,0,0,0,Sim,Ensino médio,Ensino médio,3,1,1,Pública,0,Não Sofreu Bullying,Branca,1.6666666666666667,1.6666666666666667,False
219,IFSP,Integrado,Branca,Masculino,2,17,> 3 vezes por semana,2,Regular,Boa,Boa,Regular,0,2,6,0,0,Sim,Graduação,Graduação,4,4,1,Pública,8,Sofreu Bullying,Branca,3.0,3.0,True
129,ETIM,Integrado,Branca,Feminino,3,18,1-2 vezes por semana,1,Regular,Boa,Boa,Muito boa,0,2,3,0,0,Sim,Pós-graduação,Pós-graduação,4,4,4,Pública,5,Sofreu Bullying,Branca,4.0,4.0,True
464,ETEC-HM,Conc-Sub,Negra,Feminino,1,19,> 3 vezes por semana,2,Regular,Muito boa,Muito boa,Regular,0,0,0,0,0,Sim,Fundamental 1,Fundamental 1,5,5,4,Pública,0,Não Sofreu Bullying,Não-Branca,4.666666666666667,4.666666666666667,False
284,RB,Integrado,Branca,Feminino,3,18,2-3 vezes por semana,2,Regular,Muito boa,Boa,Ruim,0,2,1,0,0,Não,Graduação,Pós-graduação,3,5,4,Privada,3,Sofreu Bullying,Branca,4.0,4.0,True
323,SJ,Integrado,Branca,Masculino,3,19,2-3 vezes por semana,1,Regular,Regular,Regular,Muito ruim,4,5,6,2,5,Não,Ensino médio,Ensino médio,2,3,1,Privada,22,Sofreu Bullying,Branca,2.0,2.0,True
369,ETEC-BQ,Conc-Sub,Negra,Masculino,1,18,< 1 vez por semana,2,Regular,Boa,Boa,Muito boa,0,0,0,0,0,Sim,Fundamental 1,Fundamental 1,4,4,4,Pública,0,Não Sofreu Bullying,Não-Branca,4.0,4.0,False
286,RB,Integrado,Branca,Feminino,3,18,2-3 vezes por semana,0,Boa,Muito boa,Boa,Boa,0,0,1,0,0,Não,Pós-graduação,Graduação,4,3,4,Privada,1,Sofreu Bullying,Branca,3.6666666666666665,3.6666666666666665,True
486,ETEC-HM,Conc-Sub,Parda,Masculino,1,19,> 3 vezes por semana,1,Regular,Boa,Boa,Regular,0,0,0,0,0,Não,Ensino médio,Ensino médio,4,4,3,Pública,0,Não Sofreu Bullying,Não-Branca,3.6666666666666665,3.6666666666666665,False
289,RB,Integrado,Branca,Masculino,3,17,2-3 vezes por semana,1,Boa,Muito boa,Muito boa,Boa,0,0,1,1,0,Não,Pós-graduação,Pós-graduação,3,4,3,Privada,2,Sofreu Bullying,Branca,3.333333333333333,3.333333333333333,True
415,ETEC-BQ,Conc-Sub,Branca,Masculino,1,18,> 3 vezes por semana,1,Ruim,Boa,Boa,Regular,0,0,0,0,0,Não,Ensino médio,Ensino médio,3,4,4,Pública,0,Não Sofreu Bullying,Branca,3.6666666666666665,3.6666666666666665,False
334,ETEC-OS,Conc-Sub,Branca,Masculino,1,18,2-3 vezes por semana,2,Regular,Boa,Boa,Regular,3,3,3,3,3,Não,Graduação,Graduação,3,3,3,Pública,15,Sofreu Bullying,Branca,3.0,3.0,True
112,ETIM,Integrado,Branca,Feminino,2,16,2-3 vezes por semana,0,Regular,Muito boa,Regular,Regular,0,0,0,0,0,Não,Ensino médio,Graduação,5,4,4,Pública,0,Não Sofreu Bullying,Branca,4.333333333333333,4.333333333333333,False
179,ETIM,Integrado,Branca,Masculino,2,17,2-3 vezes por semana,0,Ruim,Regular,Boa,Boa,2,4,4,2,1,Sim,Pós-graduação,Graduação,4,4,3,Pública,13,Sofreu Bullying,Branca,3.6666666666666665,3.6666666666666665,True
302,SJ,Integrado,Branca,Feminino,1,15,2-3 vezes por semana,0,Regular,Regular,Boa,Regular,0,1,5,3,0,Não,Ensino médio,Ensino médio,2,5,5,Privada,9,Sofreu Bullying,Branca,4.0,4.0,True
333,ETEC-OS,Conc-Sub,Parda,Feminino,1,18,2-3 vezes por semana,1,Regular,Muito boa,Regular,Ruim,2,2,2,2,2,Não,Fundamental 1,Ensino médio,3,4,4,Pública,10,Sofreu Bullying,Não-Branca,3.6666666666666665,3.6666666666666665,True
324,SJ,Integrado,Branca,Feminino,3,17,> 3 vezes por semana,0,Regular,Muito boa,Muito boa,Muito boa,0,2,6,4,3,Sim,Graduação,Pós-graduação,2,5,5,Privada,15,Sofreu Bullying,Branca,4.0,4.0,True
470,ETEC-HM,Conc-Sub,Parda,Feminino,3,19,> 3 vezes por semana,2,Regular,Muito boa,Boa,Regular,0,0,0,0,0,Sim,Ensino médio,Ensino médio,2,3,3,Pública,0,Não Sofreu Bullying,Não-Branca,2.6666666666666665,2.6666666666666665,False
352,ETEC-BQ,Conc-Sub,Branca,Masculino,2,17,> 3 vezes por semana,1,Regular,Boa,Boa,Boa,0,0,0,1,0,Não,Graduação,Fundamental 2,3,3,3,Pública,1,Sofreu Bullying,Branca,3.0,3.0,True
233,IFSP,Integrado,Branca,Feminino,1,16,< 1 vez por semana,0,Regular,Muito boa,Muito boa,Muito boa,0,0,0,0,0,Não,Graduação,Ensino médio,4,4,4,Pública,0,Não Sofreu Bullying,Branca,4.0,4.0,False
438,ETEC-BQ,Conc-Sub,Negra,Feminino,3,19,> 3 vezes por semana,0,Regular,Muito boa,Muito boa,Boa,0,1,0,0,0,Sim,Fundamental 2,Fundamental 1,4,4,4,Pública,1,Sofreu Bullying,Não-Branca,4.0,4.0,True
164,ETIM,Integrado,Branca,Masculino,1,15,> 3 vezes por semana,1,Regular,Regular,Boa,Ruim,1,2,5,2,6,Não,Fundamental 1,Fundamental 2,5,4,3,Pública,16,Sofreu Bullying,Branca,4.0,4.0,True
136,ETIM,Integrado,Negra,Feminino,2,17,2-3 vezes por semana,2,Regular,Boa,Boa,Muito boa,0,0,0,0,0,Sim,Pós-graduação,Graduação,3,4,5,Pública,0,Não Sofreu Bullying,Não-Branca,4.0,4.0,False
197,IFSP,Integrado,Branca,Masculino,2,16,2-3 vezes por semana,0,Boa,Boa,Boa,Regular,4,1,4,1,2,Sim,Pós-graduação,Pós-graduação,3,3,3,Pública,12,Sofreu Bullying,Branca,3.0,3.0,True
258,RB,Integrado,Branca,Feminino,2,15,2-3 vezes por semana,1,Regular,Boa,Boa,Regular,0,3,3,3,0,Sim,Pós-graduação,Pós-graduação,4,4,3,Privada,9,Sofreu Bullying,Branca,3.6666666666666665,3.6666666666666665,True
232,IFSP,Integrado,Parda,Feminino,1,15,> 3 vezes por semana,0,Ruim,Muito boa,Muito boa,Boa,0,1,0,0,0,Sim,Fundamental 1,Graduação,4,4,4,Pública,1,Sofreu Bullying,Não-Branca,4.0,4.0,True
115,ETIM,Integrado,Parda,Masculino,2,17,< 1 vez por semana,0,Regular,Muito boa,Ruim,Muito boa,0,2,4,2,0,Sim,Fundamental 2,Fundamental 2,5,5,5,Pública,8,Sofreu Bullying,Não-Branca,5.0,5.0,True
120,ETIM,Integrado,Branca,Masculino,2,16,> 3 vezes por semana,2,Ruim,Boa,Regular,Regular,0,0,0,0,0,Sim,Ensino médio,Fundamental 2,4,4,4,Pública,0,Não Sofreu Bullying,Branca,4.0,4.0,False
342,ETEC-OS,Conc-Sub,Branca,Masculino,1,18,1-2 vezes por semana,0,Boa,Muito boa,Boa,Boa,4,4,4,4,4,Sim,Graduação,Ensino médio,5,4,4,Pública,20,Sofreu Bullying,Branca,4.333333333333333,4.333333333333333,True
224,IFSP,Integrado,Branca,Feminino,2,17,2-3 vezes por semana,1,Boa,Boa,Boa,Regular,0,0,0,0,0,Não,Pós-graduação,Ensino médio,3,4,2,Pública,0,Não Sofreu Bullying,Branca,3.0,3.0,False
395,ETEC-BQ,Conc-Sub,Branca,Masculino,1,18,> 3 vezes por semana,1,Ruim,Regular,Boa,Boa,2,0,4,3,0,Não,Ensino médio,Fundamental 2,3,4,4,Pública,9,Sofreu Bullying,Branca,3.6666666666666665,3.6666666666666665,True
331,ETEC-OS,Conc-Sub,Parda,Masculino,1,18,1-2 vezes por semana,1,Boa,Boa,Regular,Regular,3,3,3,3,3,Sim,Fundamental 1,Fundamental 1,3,4,4,Pública,15,Sofreu Bullying,Não-Branca,3.6666666666666665,3.6666666666666665,True
127,ETIM,Integrado,Branca,Feminino,3,18,2-3 vezes por semana,0,Boa,Boa,Boa,Boa,0,0,1,2,0,Sim,Graduação,Graduação,5,4,4,Pública,3,Sofreu Bullying,Branca,4.333333333333333,4.333333333333333,True
285,RB,Integrado,Branca,Masculino,3,16,< 1 vez por semana,0,Muito boa,Muito boa,Muito boa,Muito boa,0,2,0,0,0,Sim,Pós-graduação,Pós-graduação,5,5,5,Privada,2,Sofreu Bullying,Branca,5.0,5.0,True
404,ETEC-BQ,Conc-Sub,Branca,Masculino,3,18,2-3 vezes por semana,1,Regular,Boa,Boa,Boa,0,0,0,0,0,Não,Pós-graduação,Ensino médio,4,4,4,Pública,0,Não Sofreu Bullying,Branca,4.0,4.0,False
107,ETIM,Integrado,Branca,Masculino,1,16,1-2 vezes por semana,0,Regular,Regular,Boa,Regular,4,0,6,3,1,Sim,Ensino médio,Graduação,3,3,3,Pública,14,Sofreu Bullying,Branca,3.0,3.0,True
460,ETEC-HM,Conc-Sub,Branca,Feminino,2,18,> 3 vezes por semana,3,Muito ruim,Boa,Muito boa,Ruim,0,0,1,0,0,Não,Ensino médio,Ensino médio,5,4,5,Pública,1,Sofreu Bullying,Branca,4.666666666666667,4.666666666666667,True
320,SJ,Integrado,Branca,Feminino,2,16,2-3 vezes por semana,0,Regular,Boa,Muito boa,Ruim,2,6,6,2,4,Sim,Ensino médio,Graduação,2,4,4,Privada,20,Sofreu Bullying,Branca,3.333333333333333,3.333333333333333,True
133,ETIM,Integrado,Branca,Feminino,2,16,1-2 vezes por semana,2,Ruim,Muito boa,Boa,Muito boa,3,1,3,2,0,Sim,Graduação,Ensino médio,5,4,4,Pública,9,Sofreu Bullying,Branca,4.333333333333333,4.333333333333333,True
356,ETEC-BQ,Conc-Sub,Parda,Feminino,1,18,2-3 vezes por semana,1,Ruim,Muito boa,Boa,Regular,0,1,0,0,0,Sim,Fundamental 1,Fundamental 1,3,4,5,Pública,1,Sofreu Bullying,Não-Branca,4.0,4.0,True
44,ETIM,Integrado,Branca,Masculino,3,18,> 3 vezes por semana,0,Muito ruim,Regular,Regular,Regular,0,0,4,4,1,Sim,Ensino médio,Ensino médio,2,2,4,Pública,9,Sofreu Bullying,Branca,2.6666666666666665,2.6666666666666665,True
450,ETEC-BQ,Conc-Sub,Branca,Masculino,3,19,< 1 vez por semana,0,Ruim,Muito boa,Muito boa,Muito boa,0,0,0,0,0,Não,Fundamental 2,Ensino médio,5,5,5,Pública,0,Não Sofreu Bullying,Branca,5.0,5.0,False
65,ETIM,Integrado,Branca,Masculino,1,15,> 3 vezes por semana,3,Muito ruim,Muito boa,Boa,Regular,2,0,2,2,0,Não,Pós-graduação,Graduação,4,5,5,Pública,6,Sofreu Bullying,Branca,4.666666666666667,4.666666666666667,True
283,RB,Integrado,Branca,Feminino,3,17,2-3 vezes por semana,2,Ruim,Muito boa,Boa,Regular,0,1,2,0,0,Sim,Graduação,Pós-graduação,4,4,5,Privada,3,Sofreu Bullying,Branca,4.333333333333333,4.333333333333333,True
85,ETIM,Integrado,Branca,Masculino,2,18,> 3 vezes por semana,1,Regular,Muito boa,Boa,Boa,0,0,1,1,0,Não,Ensino médio,Ensino médio,2,4,2,Pública,2,Sofreu Bullying,Branca,2.6666666666666665,2.6666666666666665,True
242,RB,Integrado,Branca,Masculino,1,15,< 1 vez por semana,0,Regular,Boa,Boa,Regular,0,1,4,2,2,Sim,Graduação,Pós-graduação,5,4,4,Privada,9,Sofreu Bullying,Branca,4.333333333333333,4.333333333333333,True
186,ETIM,Integrado,Parda,Masculino,3,18,2-3 vezes por semana,1,Boa,Muito boa,Boa,Muito boa,2,0,0,2,0,Não,Ensino médio,Ensino médio,4,4,3,Pública,4,Sofreu Bullying,Não-Branca,3.6666666666666665,3.6666666666666665,True
159,ETIM,Integrado,Negra,Feminino,1,15,< 1 vez por semana,1,Regular,Boa,Boa,Regular,2,0,0,1,0,Sim,Ensino médio,Ensino médio,3,3,3,Pública,3,Sofreu Bullying,Não-Branca,3.0,3.0,True
12,ETIM,Integrado,Branca,Feminino,2,16,> 3 vezes por semana,1,Muito ruim,Boa,Regular,Boa,0,2,1,0,4,Sim,Ensino médio,Fundamental 2,1,3,3,Pública,7,Sofreu Bullying,Branca,2.333333333333333,2.333333333333333,True
35,ETIM,Integrado,Parda,Feminino,1,15,2-3 vezes por semana,2,Regular,Muito boa,Boa,Regular,0,2,1,0,0,Sim,Pós-graduação,Graduação,4,4,4,Pública,3,Sofreu Bullying,Não-Branca,4.0,4.0,True
28,ETIM,Integrado,Negra,Feminino,3,18,> 3 vezes por semana,3,Regular,Muito boa,Boa,Muito ruim,0,0,2,0,0,Não,Ensino médio,Ensino médio,3,4,5,Pública,2,Sofreu Bullying,Não-Branca,4.0,4.0,True
170,ETIM,Integrado,Parda,Masculino,2,16,< 1 vez por semana,1,Regular,Boa,Boa,Boa,2,0,0,0,0,Sim,Ensino médio,Graduação,4,5,4,Pública,2,Sofreu Bullying,Não-Branca,4.333333333333333,4.333333333333333,True
142,ETIM,Integrado,Branca,Feminino,2,16,< 1 vez por semana,1,Muito boa,Muito boa,Regular,Boa,4,4,2,3,4,Não,Graduação,Graduação,3,4,3,Pública,17,Sofreu Bullying,Branca,3.333333333333333,3.333333333333333,True
391,ETEC-BQ,Conc-Sub,Branca,Feminino,2,18,1-2 vezes por semana,2,Ruim,Muito boa,Muito boa,Regular,0,0,0,0,0,Não,Ensino médio,Ensino médio,4,3,4,Pública,0,Não Sofreu Bullying,Branca,3.6666666666666665,3.6666666666666665,False
336,ETEC-OS,Conc-Sub,Branca,Feminino,1,18,< 1 vez por semana,1,Boa,Muito boa,Boa,Muito boa,5,5,5,5,5,Sim,Ensino médio,Ensino médio,3,4,4,Pública,25,Sofreu Bullying,Branca,3.6666666666666665,3.6666666666666665,True
221,IFSP,Integrado,Negra,Feminino,2,16,> 3 vezes por semana,1,Boa,Muito boa,Muito boa,Muito ruim,0,0,0,1,0,Sim,Ensino médio,Ensino médio,4,4,4,Pública,1,Sofreu Bullying,Não-Branca,4.0,4.0,True
95,ETIM,Integrado,Branca,Masculino,3,18,> 3 vezes por semana,2,Ruim,Muito boa,Boa,Ruim,0,1,1,1,1,Não,Graduação,Graduação,3,4,4,Pública,4,Sofreu Bullying,Branca,3.6666666666666665,3.6666666666666665,True
51,ETIM,Integrado,Branca,Masculino,3,18,< 1 vez por semana,0,Muito ruim,Boa,Boa,Regular,0,1,1,0,0,Sim,Pós-graduação,Pós-graduação,5,3,4,Pública,2,Sofreu Bullying,Branca,4.0,4.0,True
240,RB,Integrado,Branca,Masculino,1,15,2-3 vezes por semana,1,Regular,Muito boa,Muito boa,Ruim,2,2,6,3,0,Sim,Pós-graduação,Pós-graduação,4,4,4,Privada,13,Sofreu Bullying,Branca,4.0,4.0,True
365,ETEC-BQ,Conc-Sub,Parda,Masculino,1,17,2-3 vezes por semana,0,Regular,Boa,Regular,Muito boa,2,0,2,1,0,Não,Fundamental 1,Fundamental 1,1,3,3,Pública,5,Sofreu Bullying,Não-Branca,2.333333333333333,2.333333333333333,True
371,ETEC-BQ,Conc-Sub,Parda,Masculino,3,18,1-2 vezes por semana,3,Ruim,Regular,Muito boa,Boa,0,0,0,0,0,Sim,Fundamental 2,Fundamental 2,4,4,4,Pública,0,Não Sofreu Bullying,Não-Branca,4.0,4.0,False
178,ETIM,Integrado,Branca,Masculino,2,17,1-2 vezes por semana,0,Regular,Regular,Muito boa,Boa,1,0,6,0,1,Não,Graduação,Ensino médio,3,4,2,Pública,8,Sofreu Bullying,Branca,3.0,3.0,True
41,ETIM,Integrado,Parda,Feminino,3,17,2-3 vezes por semana,3,Regular,Muito boa,Boa,Regular,1,0,0,0,0,Sim,Ensino médio,Ensino médio,4,4,3,Pública,1,Sofreu Bullying,Não-Branca,3.6666666666666665,3.6666666666666665,True
380,ETEC-BQ,Conc-Sub,Branca,Feminino,2,17,1-2 vezes por semana,0,Ruim,Regular,Muito boa,Regular,0,0,0,2,0,Não,Ensino médio,Ensino médio,5,4,4,Pública,2,Sofreu Bullying,Branca,4.333333333333333,4.333333333333333,True
206,IFSP,Integrado,Branca,Masculino,2,15,2-3 vezes por semana,1,Regular,Boa,Regular,Boa,4,2,6,2,3,Sim,Ensino médio,Ensino médio,4,5,4,Pública,17,Sofreu Bullying,Branca,4.333333333333333,4.333333333333333,True
282,RB,Integrado,Branca,Feminino,3,17,2-3 vezes por semana,2,Regular,Muito boa,Boa,Boa,0,0,0,0,0,Não,Pós-graduação,Graduação,3,4,4,Privada,0,Não Sofreu Bullying,Branca,3.6666666666666665,3.6666666666666665,False
254,RB,Integrado,Branca,Feminino,2,16,> 3 vezes por semana,2,Regular,Regular,Muito boa,Boa,0,0,4,0,0,Sim,Pós-graduação,Pós-graduação,3,5,4,Privada,4,Sofreu Bullying,Branca,4.0,4.0,True
405,ETEC-BQ,Conc-Sub,Branca,Masculino,2,16,< 1 vez por semana,0,Regular,Muito boa,Muito boa,Muito boa,0,5,2,0,2,Sim,Ensino médio,Graduação,4,3,3,Pública,9,Sofreu Bullying,Branca,3.333333333333333,3.333333333333333,True
4,ETIM,Integrado,Branca,Feminino,1,15,1-2 vezes por semana,0,Boa,Boa,Boa,Boa,1,1,2,0,1,Sim,Graduação,Graduação,4,4,3,Pública,5,Sofreu Bullying,Branca,3.6666666666666665,3.6666666666666665,True
256,RB,Integrado,Parda,Feminino,2,16,2-3 vezes por semana,2,Boa,Boa,Muito boa,Boa,0,0,1,0,0,Sim,Pós-graduação,Pós-graduação,2,5,4,Privada,1,Sofreu Bullying,Não-Branca,3.6666666666666665,3.6666666666666665,True
439,ETEC-BQ,Conc-Sub,Parda,Masculino,2,19,> 3 vezes por semana,0,Regular,Boa,Regular,Boa,0,0,0,0,0,Sim,Ensino médio,Fundamental 1,4,4,4,Pública,0,Não Sofreu Bullying,Não-Branca,4.0,4.0,False
100,ETIM,Integrado,Parda,Masculino,1,16,> 3 vezes por semana,1,Boa,Boa,Boa,Ruim,0,0,0,1,0,Sim,Graduação,Graduação,4,4,3,Pública,1,Sofreu Bullying,Não-Branca,3.6666666666666665,3.6666666666666665,True
226,IFSP,Integrado,Parda,Feminino,2,16,2-3 vezes por semana,1,Regular,Muito boa,Muito boa,Muito ruim,0,0,0,0,0,Não,Ensino médio,Ensino médio,4,5,3,Pública,0,Não Sofreu Bullying,Não-Branca,4.0,4.0,False
419,ETEC-BQ,Conc-Sub,Branca,Feminino,2,17,> 3 vezes por semana,1,Ruim,Boa,Boa,Boa,0,0,1,1,0,Não,Ensino médio,Fundamental 1,2,3,3,Pública,2,Sofreu Bullying,Branca,2.6666666666666665,2.6666666666666665,True
213,IFSP,Integrado,Branca,Masculino,2,16,< 1 vez por semana,0,Regular,Boa,Boa,Boa,0,0,0,0,0,Sim,Ensino médio,Ensino médio,4,3,3,Pública,0,Não Sofreu Bullying,Branca,3.333333333333333,3.333333333333333,False
171,ETIM,Integrado,Parda,Masculino,2,16,> 3 vezes por semana,1,Regular,Boa,Regular,Boa,2,0,3,0,0,Sim,Ensino médio,Ensino médio,3,3,3,Pública,5,Sofreu Bullying,Não-Branca,3.0,3.0,True
98,ETIM,Integrado,Branca,Masculino,1,15,1-2 vezes por semana,0,Regular,Muito boa,Muito boa,Boa,0,1,2,0,0,Não,Ensino médio,Ensino médio,3,4,4,Pública,3,Sofreu Bullying,Branca,3.6666666666666665,3.6666666666666665,True
292,RB,Integrado,Branca,Masculino,3,17,2-3 vezes por semana,1,Ruim,Muito boa,Muito boa,Muito ruim,0,0,0,1,0,Sim,Pós-graduação,Pós-graduação,2,5,4,Privada,1,Sofreu Bullying,Branca,3.6666666666666665,3.6666666666666665,True
215,IFSP,Integrado,Branca,Masculino,2,17,1-2 vezes por semana,0,Regular,Boa,Muito boa,Muito boa,0,2,0,0,0,Sim,Ensino médio,Ensino médio,5,5,4,Pública,2,Sofreu Bullying,Branca,4.666666666666667,4.666666666666667,True
61,ETIM,Integrado,Branca,Masculino,2,17,< 1 vez por semana,0,Boa,Boa,Boa,Boa,0,0,5,5,0,Não,Graduação,Graduação,4,3,4,Pública,10,Sofreu Bullying,Branca,3.6666666666666665,3.6666666666666665,True
47,ETIM,Integrado,Parda,Masculino,3,18,< 1 vez por semana,0,Boa,Muito boa,Boa,Boa,0,0,0,0,0,Não,Ensino médio,Fundamental 1,3,4,3,Pública,0,Não Sofreu Bullying,Não-Branca,3.333333333333333,3.333333333333333,False
32,ETIM,Integrado,Branca,Feminino,3,18,1-2 vezes por semana,0,Boa,Boa,Boa,Muito boa,0,2,1,0,1,Sim,Graduação,Ensino médio,3,4,4,Pública,4,Sofreu Bullying,Branca,3.6666666666666665,3.6666666666666665,True
267,RB,Integrado,Branca,Masculino,2,16,2-3 vezes por semana,0,Boa,Muito boa,Muito boa,Boa,0,2,0,0,0,Sim,Ensino médio,Ensino médio,5,4,5,Privada,2,Sofreu Bullying,Branca,4.666666666666667,4.666666666666667,True
327,SJ,Integrado,Branca,Feminino,3,17,1-2 vezes por semana,0,Ruim,Muito boa,Muito boa,Muito boa,0,2,0,0,0,Não,Pós-graduação,Ensino médio,5,5,5,Privada,2,Sofreu Bullying,Branca,5.0,5.0,True
200,IFSP,Integrado,Negra,Feminino,2,17,> 3 vezes por semana,2,Ruim,Boa,Muito boa,Boa,0,5,3,0,2,Não,Pós-graduação,Pós-graduação,3,4,4,Pública,10,Sofreu Bullying,Não-Branca,3.6666666666666665,3.6666666666666665,True
437,ETEC-BQ,Conc-Sub,Parda,Feminino,1,19,> 3 vezes por semana,1,Boa,Boa,Boa,Regular,0,0,0,0,0,Não,Fundamental 2,Fundamental 1,5,4,4,Pública,0,Não Sofreu Bullying,Não-Branca,4.333333333333333,4.333333333333333,False
27,ETIM,Integrado,Branca,Feminino,3,17,2-3 vezes por semana,1,Ruim,Muito ruim,Ruim,Ruim,0,6,6,0,0,Não,Pós-graduação,Ensino médio,2,3,3,Pública,12,Sofreu Bullying,Branca,2.6666666666666665,2.6666666666666665,True
382,ETEC-BQ,Conc-Sub,Parda,Feminino,2,16,> 3 vezes por semana,0,Regular,Boa,Boa,Boa,0,0,0,0,0,Sim,Ensino médio,Ensino médio,5,4,4,Pública,0,Não Sofreu Bullying,Não-Branca,4.333333333333333,4.333333333333333,False
230,IFSP,Integrado,Branca,Feminino,1,16,2-3 vezes por semana,1,Regular,Boa,Muito boa,Muito boa,0,0,0,0,0,Sim,Graduação,Fundamental 2,3,3,3,Pública,0,Não Sofreu Bullying,Branca,3.0,3.0,False
260,RB,Integrado,Branca,Feminino,2,16,> 3 vezes por semana,1,Regular,Muito boa,Boa,Boa,0,1,0,0,0,Sim,Ensino médio,Graduação,4,5,4,Privada,1,Sofreu Bullying,Branca,4.333333333333333,4.333333333333333,True
288,RB,Integrado,Branca,Feminino,3,17,< 1 vez por semana,1,Boa,Muito boa,Muito boa,Boa,0,1,0,0,0,Não,Graduação,Graduação,4,4,4,Privada,1,Sofreu Bullying,Branca,4.0,4.0,True
162,ETIM,Integrado,Branca,Masculino,1,16,> 3 vezes por semana,0,Ruim,Boa,Boa,Muito boa,0,2,2,1,1,Não,Ensino médio,Graduação,2,5,4,Pública,6,Sofreu Bullying,Branca,3.6666666666666665,3.6666666666666665,True
417,ETEC-BQ,Conc-Sub,Parda,Masculino,1,17,> 3 vezes por semana,1,Boa,Boa,Regular,Regular,0,0,0,0,0,Sim,Fundamental 2,Ensino médio,3,4,4,Pública,0,Não Sofreu Bullying,Não-Branca,3.6666666666666665,3.6666666666666665,False
138,ETIM,Integrado,Branca,Feminino,2,17,> 3 vezes por semana,1,Regular,Boa,Boa,Regular,0,0,0,0,0,Sim,Ensino médio,Graduação,3,4,3,Pública,0,Não Sofreu Bullying,Branca,3.333333333333333,3.333333333333333,False
62,ETIM,Integrado,Branca,Masculino,2,17,1-2 vezes por semana,1,Muito boa,Regular,Muito boa,Ruim,4,0,2,1,1,Sim,Graduação,Graduação,5,3,4,Pública,8,Sofreu Bullying,Branca,4.0,4.0,True
135,ETIM,Integrado,Branca,Feminino,2,16,> 3 vezes por semana,1,Boa,Muito boa,Regular,Boa,1,4,4,0,3,Sim,Fundamental 1,Ensino médio,3,4,3,Pública,12,Sofreu Bullying,Branca,3.333333333333333,3.333333333333333,True
128,ETIM,Integrado,Parda,Feminino,3,18,> 3 vezes por semana,1,Muito ruim,Muito boa,Boa,Muito ruim,0,1,3,2,0,Não,Graduação,Ensino médio,3,5,3,Pública,6,Sofreu Bullying,Não-Branca,3.6666666666666665,3.6666666666666665,True
465,ETEC-HM,Conc-Sub,Negra,Feminino,1,19,> 3 vezes por semana,2,Regular,Muito boa,Muito boa,Regular,0,0,0,0,0,Sim,Ensino médio,Ensino médio,5,5,4,Pública,0,Não Sofreu Bullying,Não-Branca,4.666666666666667,4.666666666666667,False
8,ETIM,Integrado,Parda,Feminino,1,16,1-2 vezes por semana,0,Muito ruim,Muito boa,Boa,Regular,1,2,0,0,4,Sim,Ensino médio,Ensino médio,4,3,3,Pública,7,Sofreu Bullying,Não-Branca,3.333333333333333,3.333333333333333,True
326,SJ,Integrado,Branca,Feminino,3,17,< 1 vez por semana,0,Regular,Boa,Boa,Boa,0,2,6,0,5,Não,Ensino médio,Graduação,3,5,3,Privada,13,Sofreu Bullying,Branca,3.6666666666666665,3.6666666666666665,True
453,ETEC-BQ,Conc-Sub,Branca,Masculino,3,19,2-3 vezes por semana,1,Regular,Boa,Boa,Ruim,0,0,3,0,0,Sim,Ensino médio,Fundamental 1,3,3,3,Pública,3,Sofreu Bullying,Branca,3.0,3.0,True
64,ETIM,Integrado,Branca,Masculino,1,15,> 3 vezes por semana,2,Ruim,Muito boa,Muito boa,Regular,0,5,2,2,0,Não,Ensino médio,Ensino médio,4,5,4,Pública,9,Sofreu Bullying,Branca,4.333333333333333,4.333333333333333,True
300,SJ,Integrado,Branca,Feminino,1,15,1-2 vezes por semana,0,Regular,Muito boa,Regular,Regular,1,2,4,4,1,Sim,Pós-graduação,Graduação,5,5,3,Privada,12,Sofreu Bullying,Branca,4.333333333333333,4.333333333333333,True
14,ETIM,Integrado,Parda,Feminino,2,16,< 1 vez por semana,2,Muito ruim,Ruim,Regular,Muito ruim,0,3,0,0,0,Não,Pós-graduação,Pós-graduação,5,4,3,Pública,3,Sofreu Bullying,Não-Branca,4.0,4.0,True
156,ETIM,Integrado,Negra,Masculino,3,18,1-2 vezes por semana,0,Boa,Muito boa,Boa,Boa,2,3,3,0,1,Sim,Ensino médio,Ensino médio,3,4,4,Pública,9,Sofreu Bullying,Não-Branca,3.6666666666666665,3.6666666666666665,True
40,ETIM,Integrado,Branca,Masculino,3,18,1-2 vezes por semana,1,Boa,Muito boa,Boa,Boa,0,1,5,1,0,Não,Ensino médio,Ensino médio,4,5,4,Pública,7,Sofreu Bullying,Branca,4.333333333333333,4.333333333333333,True
379,ETEC-BQ,Conc-Sub,Negra,Masculino,2,17,> 3 vezes por semana,0,Regular,Regular,Muito boa,Regular,4,5,6,3,3,Não,Graduação,Ensino médio,4,4,4,Pública,21,Sofreu Bullying,Não-Branca,4.0,4.0,True
449,ETEC-BQ,Conc-Sub,Branca,Masculino,4,19,2-3 vezes por semana,2,Regular,Boa,Boa,Boa,0,0,0,0,0,Sim,Fundamental 2,Fundamental 2,4,5,5,Pública,0,Não Sofreu Bullying,Branca,4.666666666666667,4.666666666666667,False
396,ETEC-BQ,Conc-Sub,Parda,Masculino,1,18,> 3 vezes por semana,0,Boa,Muito boa,Boa,Boa,1,0,2,3,0,Sim,Ensino médio,Ensino médio,5,4,5,Pública,6,Sofreu Bullying,Não-Branca,4.666666666666667,4.666666666666667,True
216,IFSP,Integrado,Negra,Masculino,2,17,2-3 vezes por semana,0,Regular,Regular,Regular,Regular,0,0,0,1,0,Sim,Fundamental 2,Ensino médio,3,4,3,Pública,1,Sofreu Bullying,Não-Branca,3.333333333333333,3.333333333333333,True
279,RB,Integrado,Branca,Feminino,3,18,2-3 vezes por semana,0,Boa,Muito boa,Boa,Regular,0,1,0,0,0,Sim,Graduação,Graduação,3,3,3,Privada,1,Sofreu Bullying,Branca,3.0,3.0,True
425,ETEC-BQ,Conc-Sub,Branca,Masculino,2,17,< 1 vez por semana,0,Boa,Muito boa,Muito boa,Boa,0,0,0,0,0,Não,Ensino médio,Graduação,3,3,3,Pública,0,Não Sofreu Bullying,Branca,3.0,3.0,False
421,ETEC-BQ,Conc-Sub,Negra,Masculino,2,17,2-3 vezes por semana,0,Ruim,Boa,Boa,Regular,0,0,0,0,0,Não,Ensino médio,Graduação,4,3,3,Pública,0,Não Sofreu Bullying,Não-Branca,3.333333333333333,3.333333333333333,False
337,ETEC-OS,Conc-Sub,Negra,Masculino,2,18,< 1 vez por semana,0,Muito ruim,Muito boa,Muito boa,Regular,3,3,3,3,3,Não,Ensino médio,Fundamental 2,1,3,3,Pública,15,Sofreu Bullying,Não-Branca,2.333333333333333,2.333333333333333,True
236,RB,Integrado,Branca,Masculino,1,15,2-3 vezes por semana,1,Boa,Muito boa,Boa,Muito boa,1,0,1,0,0,Sim,Graduação,Graduação,3,4,4,Privada,2,Sofreu Bullying,Branca,3.6666666666666665,3.6666666666666665,True
207,IFSP,Integrado,Negra,Feminino,2,16,2-3 vezes por semana,1,Ruim,Regular,Boa,Regular,2,2,3,0,0,Sim,Ensino médio,Ensino médio,4,4,4,Pública,7,Sofreu Bullying,Não-Branca,4.0,4.0,True
212,IFSP,Integrado,Negra,Masculino,2,16,> 3 vezes por semana,2,Regular,Boa,Boa,Ruim,0,3,3,0,0,Sim,Graduação,Graduação,3,4,4,Pública,6,Sofreu Bullying,Não-Branca,3.6666666666666665,3.6666666666666665,True
295,SJ,Integrado,Branca,Masculino,1,15,2-3 vezes por semana,1,Muito ruim,Boa,Muito boa,Regular,1,1,3,1,1,Sim,Graduação,Graduação,1,4,4,Privada,7,Sofreu Bullying,Branca,3.0,3.0,True
447,ETEC-BQ,Conc-Sub,Parda,Masculino,4,19,1-2 vezes por semana,0,Boa,Muito boa,Muito boa,Boa,0,0,0,0,0,Sim,Pós-graduação,Graduação,4,4,3,Pública,0,Não Sofreu Bullying,Não-Branca,3.6666666666666665,3.6666666666666665,False
251,RB,Integrado,Branca,Feminino,1,15,> 3 vezes por semana,0,Regular,Muito boa,Muito boa,Boa,0,0,1,0,0,Sim,Graduação,Graduação,5,3,5,Privada,1,Sofreu Bullying,Branca,4.333333333333333,4.333333333333333,True
477,ETEC-HM,Conc-Sub,Parda,Feminino,3,19,> 3 vezes por semana,0,Regular,Boa,Muito boa,Muito boa,0,0,0,0,0,Não,Ensino médio,Ensino médio,3,3,3,Pública,0,Não Sofreu Bullying,Não-Branca,3.0,3.0,False
448,ETEC-BQ,Conc-Sub,Parda,Masculino,4,19,< 1 vez por semana,0,Ruim,Boa,Boa,Boa,2,0,2,0,0,Não,Fundamental 2,Ensino médio,3,3,3,Pública,4,Sofreu Bullying,Não-Branca,3.0,3.0,True
303,SJ,Integrado,Branca,Feminino,1,15,> 3 vezes por semana,0,Ruim,Boa,Regular,Muito ruim,0,3,6,2,4,Sim,Pós-graduação,Pós-graduação,5,5,5,Privada,15,Sofreu Bullying,Branca,5.0,5.0,True
350,ETEC-BQ,Conc-Sub,Branca,Masculino,2,16,2-3 vezes por semana,0,Ruim,Muito boa,Boa,Boa,0,0,1,0,0,Sim,Ensino médio,Ensino médio,3,4,4,Pública,1,Sofreu Bullying,Branca,3.6666666666666665,3.6666666666666665,True
269,RB,Integrado,Branca,Feminino,2,15,2-3 vezes por semana,2,Muito boa,Muito boa,Muito boa,Boa,0,1,0,0,0,Sim,Graduação,Graduação,4,4,4,Privada,1,Sofreu Bullying,Branca,4.0,4.0,True
201,IFSP,Integrado,Branca,Feminino,2,17,2-3 vezes por semana,0,Regular,Boa,Boa,Regular,2,1,5,2,3,Sim,Pós-graduação,Ensino médio,4,5,4,Pública,13,Sofreu Bullying,Branca,4.333333333333333,4.333333333333333,True
161,ETIM,Integrado,Parda,Masculino,1,15,< 1 vez por semana,0,Regular,Muito boa,Boa,Muito boa,4,2,5,6,4,Não,Ensino médio,Graduação,3,3,3,Pública,21,Sofreu Bullying,Não-Branca,3.0,3.0,True
43,ETIM,Integrado,Parda,Masculino,3,17,> 3 vezes por semana,3,Ruim,Muito boa,Regular,Regular,0,2,3,2,0,Sim,Ensino médio,Fundamental 1,4,3,5,Pública,7,Sofreu Bullying,Não-Branca,4.0,4.0,True
217,IFSP,Integrado,Branca,Feminino,2,16,> 3 vezes por semana,2,Regular,Muito boa,Muito boa,Ruim,0,1,1,0,0,Sim,Graduação,Graduação,3,4,3,Pública,2,Sofreu Bullying,Branca,3.333333333333333,3.333333333333333,True
401,ETEC-BQ,Conc-Sub,Parda,Feminino,1,18,> 3 vezes por semana,2,Muito ruim,Muito boa,Boa,Ruim,0,0,0,0,0,Não,Ensino médio,Ensino médio,4,3,3,Pública,0,Não Sofreu Bullying,Não-Branca,3.333333333333333,3.333333333333333,False
190,IFSP,Integrado,Parda,Masculino,2,16,1-2 vezes por semana,0,Regular,Boa,Boa,Muito boa,0,0,0,0,0,Não,Fundamental 2,Graduação,3,4,4,Pública,0,Não Sofreu Bullying,Não-Branca,3.6666666666666665,3.6666666666666665,False
309,SJ,Integrado,Branca,Feminino,2,16,1-2 vezes por semana,0,Muito ruim,Muito boa,Boa,Boa,0,0,0,0,0,Sim,Pós-graduação,Pós-graduação,3,4,5,Privada,0,Não Sofreu Bullying,Branca,4.0,4.0,False
259,RB,Integrado,Branca,Feminino,2,15,2-3 vezes por semana,1,Regular,Boa,Regular,Ruim,1,4,3,2,2,Não,Pós-graduação,Graduação,3,3,3,Privada,12,Sofreu Bullying,Branca,3.0,3.0,True
105,ETIM,Integrado,Parda,Masculino,1,15,> 3 vezes por semana,1,Boa,Muito boa,Boa,Boa,0,0,0,0,0,Sim,Ensino médio,Ensino médio,5,3,3,Pública,0,Não Sofreu Bullying,Não-Branca,3.6666666666666665,3.6666666666666665,False
53,ETIM,Integrado,Parda,Masculino,2,15,> 3 vezes por semana,0,Ruim,Boa,Boa,Regular,0,0,2,0,0,Sim,Fundamental 1,Fundamental 1,3,2,4,Pública,2,Sofreu Bullying,Não-Branca,3.0,3.0,True
389,ETEC-BQ,Conc-Sub,Branca,Masculino,2,18,> 3 vezes por semana,0,Ruim,Regular,Boa,Muito ruim,0,0,4,0,0,Sim,Ensino médio,Ensino médio,4,3,4,Pública,4,Sofreu Bullying,Branca,3.6666666666666665,3.6666666666666665,True
1,ETIM,Integrado,Parda,Feminino,1,15,2-3 vezes por semana,2,Ruim,Boa,Regular,Boa,0,1,0,0,0,Sim,Ensino médio,Fundamental 1,3,4,3,Pública,1,Sofreu Bullying,Não-Branca,3.333333333333333,3.333333333333333,True
432,ETEC-BQ,Conc-Sub,Branca,Masculino,4,17,2-3 vezes por semana,0,Regular,Regular,Regular,Boa,0,0,5,2,2,Sim,Graduação,Ensino médio,2,3,3,Pública,9,Sofreu Bullying,Branca,2.6666666666666665,2.6666666666666665,True
471,ETEC-HM,Conc-Sub,Parda,Feminino,2,17,> 3 vezes por semana,2,Muito ruim,Muito boa,Boa,Regular,0,0,0,0,0,Não,Fundamental 2,Fundamental 2,2,4,4,Pública,0,Não Sofreu Bullying,Não-Branca,3.333333333333333,3.333333333333333,False
49,ETIM,Integrado,Branca,Masculino,3,17,> 3 vezes por semana,0,Regular,Boa,Boa,Boa,3,3,5,2,0,Não,Fundamental 1,Fundamental 1,2,4,3,Pública,13,Sofreu Bullying,Branca,3.0,3.0,True
80,ETIM,Integrado,Branca,Feminino,3,18,1-2 vezes por semana,1,Boa,Muito boa,Regular,Ruim,0,0,0,1,0,Sim,Ensino médio,Ensino médio,3,4,4,Pública,1,Sofreu Bullying,Branca,3.6666666666666665,3.6666666666666665,True
205,IFSP,Integrado,Branca,Feminino,2,17,2-3 vezes por semana,3,Regular,Muito boa,Regular,Muito ruim,2,0,3,0,0,Sim,Ensino médio,Graduação,2,4,3,Pública,5,Sofreu Bullying,Branca,3.0,3.0,True
34,ETIM,Integrado,Parda,Feminino,1,15,1-2 vezes por semana,1,Boa,Regular,Boa,Boa,0,0,0,0,0,Sim,Ensino médio,Ensino médio,2,4,3,Pública,0,Não Sofreu Bullying,Não-Branca,3.0,3.0,False
263,RB,Integrado,Branca,Masculino,2,16,2-3 vezes por semana,1,Regular,Muito boa,Muito boa,Muito boa,0,0,1,1,1,Sim,Pós-graduação,Graduação,4,4,4,Privada,3,Sofreu Bullying,Branca,4.0,4.0,True
366,ETEC-BQ,Conc-Sub,Negra,Masculino,1,18,< 1 vez por semana,1,Regular,Boa,Boa,Muito boa,2,0,2,0,0,Não,Ensino médio,Ensino médio,3,3,3,Pública,4,Sofreu Bullying,Não-Branca,3.0,3.0,True
91,ETIM,Integrado,Branca,Feminino,3,18,> 3 vezes por semana,2,Regular,Regular,Boa,Muito ruim,1,6,6,2,3,Sim,Pós-graduação,Pós-graduação,4,5,5,Pública,18,Sofreu Bullying,Branca,4.666666666666667,4.666666666666667,True
339,ETEC-OS,Conc-Sub,Negra,Masculino,1,19,1-2 vezes por semana,1,Ruim,Boa,Boa,Muito boa,5,5,5,5,5,Não,Fundamental 2,Ensino médio,5,4,4,Pública,25,Sofreu Bullying,Não-Branca,4.333333333333333,4.333333333333333,True
462,ETEC-HM,Conc-Sub,Parda,Feminino,1,19,> 3 vezes por semana,1,Regular,Muito boa,Muito boa,Regular,0,0,0,0,0,Não,Ensino médio,Ensino médio,5,5,5,Pública,0,Não Sofreu Bullying,Não-Branca,5.0,5.0,False
52,ETIM,Integrado,Parda,Feminino,2,16,2-3 vezes por semana,3,Regular,Muito boa,Regular,Ruim,1,0,2,2,0,Sim,Fundamental 2,Ensino médio,3,4,4,Pública,5,Sofreu Bullying,Não-Branca,3.6666666666666665,3.6666666666666665,True
345,ETEC-OS,Conc-Sub,Parda,Feminino,2,19,< 1 vez por semana,0,Boa,Boa,Boa,Boa,4,4,4,4,4,Sim,Ensino médio,Ensino médio,2,4,4,Pública,20,Sofreu Bullying,Não-Branca,3.333333333333333,3.333333333333333,True
264,RB,Integrado,Branca,Feminino,2,16,2-3 vezes por semana,1,Regular,Muito boa,Boa,Muito boa,0,0,2,0,1,Sim,Fundamental 1,Fundamental 2,1,3,4,Privada,3,Sofreu Bullying,Branca,2.6666666666666665,2.6666666666666665,True
241,RB,Integrado,Branca,Masculino,1,15,< 1 vez por semana,2,Regular,Boa,Boa,Muito boa,2,1,6,5,2,Sim,Graduação,Pós-graduação,5,4,4,Privada,16,Sofreu Bullying,Branca,4.333333333333333,4.333333333333333,True
13,ETIM,Integrado,Parda,Feminino,2,16,2-3 vezes por semana,2,Regular,Muito boa,Muito boa,Muito boa,0,2,0,2,0,Sim,Ensino médio,Ensino médio,4,4,4,Pública,4,Sofreu Bullying,Não-Branca,4.0,4.0,True
315,SJ,Integrado,Branca,Masculino,2,16,1-2 vezes por semana,1,Regular,Muito boa,Muito boa,Regular,0,2,0,4,2,Sim,Graduação,Ensino médio,4,3,4,Privada,8,Sofreu Bullying,Branca,3.6666666666666665,3.6666666666666665,True
88,ETIM,Integrado,Parda,Masculino,3,17,2-3 vezes por semana,1,Ruim,Muito boa,Muito boa,Muito ruim,2,2,2,0,0,Não,Pós-graduação,Ensino médio,4,3,3,Pública,6,Sofreu Bullying,Não-Branca,3.333333333333333,3.333333333333333,True
387,ETEC-BQ,Conc-Sub,Branca,Masculino,2,18,> 3 vezes por semana,0,Regular,Muito boa,Muito boa,Muito boa,0,0,0,1,0,Não,Ensino médio,Ensino médio,4,4,4,Pública,1,Sofreu Bullying,Branca,4.0,4.0,True
273,RB,Integrado,Branca,Masculino,3,16,< 1 vez por semana,1,Regular,Muito boa,Regular,Muito boa,0,2,3,0,2,Não,Graduação,Ensino médio,4,4,4,Privada,7,Sofreu Bullying,Branca,4.0,4.0,True
166,ETIM,Integrado,Negra,Masculino,1,15,2-3 vezes por semana,2,Boa,Muito boa,Boa,Boa,4,0,2,6,3,Sim,Ensino médio,Fundamental 2,4,4,3,Pública,15,Sofreu Bullying,Não-Branca,3.6666666666666665,3.6666666666666665,True
328,SJ,Integrado,Branca,Masculino,3,17,1-2 vezes por semana,1,Muito ruim,Boa,Boa,Ruim,0,0,0,0,0,Não,Graduação,Graduação,5,3,5,Privada,0,Não Sofreu Bullying,Branca,4.333333333333333,4.333333333333333,False
481,ETEC-HM,Conc-Sub,Branca,Feminino,3,18,> 3 vezes por semana,2,Regular,Muito boa,Boa,Regular,0,0,0,0,0,Não,Ensino médio,Ensino médio,4,5,4,Pública,0,Não Sofreu Bullying,Branca,4.333333333333333,4.333333333333333,False
134,ETIM,Integrado,Branca,Masculino,2,16,> 3 vezes por semana,2,Boa,Boa,Boa,Regular,0,0,1,1,0,Sim,Graduação,Graduação,4,4,4,Pública,2,Sofreu Bullying,Branca,4.0,4.0,True
306,SJ,Integrado,Branca,Masculino,2,16,1-2 vezes por semana,1,Muito ruim,Muito boa,Boa,Muito boa,0,0,0,0,0,Sim,Pós-graduação,Ensino médio,4,5,5,Privada,0,Não Sofreu Bullying,Branca,4.666666666666667,4.666666666666667,False
469,ETEC-HM,Conc-Sub,Negra,Feminino,3,19,< 1 vez por semana,1,Regular,Boa,Boa,Boa,0,0,0,0,0,Não,Fundamental 2,Fundamental 1,3,4,3,Pública,0,Não Sofreu Bullying,Não-Branca,3.333333333333333,3.333333333333333,False
319,SJ,Integrado,Branca,Masculino,2,17,2-3 vezes por semana,1,Regular,Boa,Boa,Boa,0,5,1,0,0,Sim,Graduação,Pós-graduação,5,5,5,Privada,6,Sofreu Bullying,Branca,5.0,5.0,True
243,RB,Integrado,Branca,Feminino,1,15,> 3 vezes por semana,1,Regular,Boa,Muito boa,Regular,0,2,1,0,0,Sim,Pós-graduação,Graduação,5,2,4,Privada,3,Sofreu Bullying,Branca,3.6666666666666665,3.6666666666666665,True
54,ETIM,Integrado,Branca,Masculino,2,17,> 3 vezes por semana,0,Ruim,Ruim,Ruim,Ruim,1,2,3,1,1,Sim,Ensino médio,Graduação,3,3,3,Pública,8,Sofreu Bullying,Branca,3.0,3.0,True
363,ETEC-BQ,Conc-Sub,Branca,Masculino,1,16,> 3 vezes por semana,2,Ruim,Muito boa,Muito boa,Boa,0,0,0,0,0,Sim,Ensino médio,Fundamental 2,4,5,4,Pública,0,Não Sofreu Bullying,Branca,4.333333333333333,4.333333333333333,False
50,ETIM,Integrado,Branca,Masculino,3,16,< 1 vez por semana,2,Boa,Muito boa,Regular,Boa,0,0,0,0,0,Sim,Ensino médio,Ensino médio,4,4,4,Pública,0,Não Sofreu Bullying,Branca,4.0,4.0,False
174,ETIM,Integrado,Branca,Feminino,2,17,2-3 vezes por semana,2,Muito ruim,Boa,Boa,Regular,4,3,6,1,5,Sim,Ensino médio,Ensino médio,3,4,3,Pública,19,Sofreu Bullying,Branca,3.333333333333333,3.333333333333333,True
445,ETEC-BQ,Conc-Sub,Branca,Masculino,2,16,> 3 vezes por semana,0,Ruim,Boa,Boa,Ruim,0,1,1,4,1,Sim,Ensino médio,Graduação,4,3,3,Pública,7,Sofreu Bullying,Branca,3.333333333333333,3.333333333333333,True
189,IFSP,Integrado,Branca,Masculino,2,16,< 1 vez por semana,0,Boa,Muito boa,Boa,Boa,4,0,4,2,0,Sim,Ensino médio,Graduação,5,4,4,Pública,10,Sofreu Bullying,Branca,4.333333333333333,4.333333333333333,True
485,ETEC-HM,Conc-Sub,Parda,Feminino,1,18,< 1 vez por semana,2,Regular,Muito boa,Boa,Ruim,0,0,0,0,0,Sim,Ensino médio,Fundamental 1,5,4,4,Pública,0,Não Sofreu Bullying,Não-Branca,4.333333333333333,4.333333333333333,False
187,ETIM,Integrado,Parda,Masculino,3,18,> 3 vezes por semana,2,Boa,Muito boa,Boa,Boa,1,0,4,4,0,Não,Fundamental 1,Ensino médio,4,4,3,Pública,9,Sofreu Bullying,Não-Branca,3.6666666666666665,3.6666666666666665,True
169,ETIM,Integrado,Negra,Feminino,1,15,< 1 vez por semana,1,Ruim,Boa,Boa,Boa,0,1,1,0,0,Não,Graduação,Ensino médio,4,3,3,Pública,2,Sofreu Bullying,Não-Branca,3.333333333333333,3.333333333333333,True
58,ETIM,Integrado,Branca,Masculino,2,16,2-3 vezes por semana,0,Regular,Boa,Boa,Boa,2,0,6,3,0,Sim,Ensino médio,Ensino médio,4,4,4,Pública,11,Sofreu Bullying,Branca,4.0,4.0,True
48,ETIM,Integrado,Branca,Masculino,3,17,< 1 vez por semana,0,Boa,Muito boa,Muito boa,Boa,2,0,4,0,0,Sim,Graduação,Fundamental 2,3,4,3,Pública,6,Sofreu Bullying,Branca,3.333333333333333,3.333333333333333,True
344,ETEC-OS,Conc-Sub,Parda,Masculino,2,19,> 3 vezes por semana,0,Regular,Boa,Regular,Ruim,2,2,2,2,2,Não,Fundamental 1,Fundamental 1,3,3,3,Pública,10,Sofreu Bullying,Não-Branca,3.0,3.0,True
235,RB,Integrado,Branca,Masculino,1,16,2-3 vezes por semana,1,Boa,Muito boa,Boa,Boa,0,0,3,0,0,Sim,Pós-graduação,Graduação,4,4,4,Privada,3,Sofreu Bullying,Branca,4.0,4.0,True
252,RB,Integrado,Branca,Feminino,1,15,1-2 vezes por semana,0,Muito boa,Muito boa,Muito boa,Boa,1,3,2,1,0,Sim,Graduação,Graduação,4,4,4,Privada,7,Sofreu Bullying,Branca,4.0,4.0,True
21,ETIM,Integrado,Negra,Masculino,2,16,> 3 vezes por semana,1,Ruim,Muito boa,Regular,Muito boa,2,2,4,5,0,Não,Pós-graduação,Graduação,3,4,2,Pública,13,Sofreu Bullying,Não-Branca,3.0,3.0,True
313,SJ,Integrado,Branca,Feminino,2,15,2-3 vezes por semana,0,Regular,Muito boa,Muito boa,Muito boa,0,1,1,1,0,Sim,Graduação,Ensino médio,2,5,5,Privada,3,Sofreu Bullying,Branca,4.0,4.0,True
160,ETIM,Integrado,Parda,Masculino,1,16,1-2 vezes por semana,1,Boa,Muito boa,Boa,Muito boa,1,2,0,0,0,Sim,Ensino médio,Graduação,5,5,5,Pública,3,Sofreu Bullying,Não-Branca,5.0,5.0,True
276,RB,Integrado,Branca,Feminino,3,17,2-3 vezes por semana,1,Ruim,Muito boa,Boa,Regular,0,3,0,0,0,Sim,Graduação,Pós-graduação,2,5,3,Privada,3,Sofreu Bullying,Branca,3.333333333333333,3.333333333333333,True
443,ETEC-BQ,Conc-Sub,Branca,Masculino,4,19,1-2 vezes por semana,1,Ruim,Regular,Boa,Boa,3,0,3,0,0,Sim,Ensino médio,Ensino médio,3,4,4,Pública,6,Sofreu Bullying,Branca,3.6666666666666665,3.6666666666666665,True
191,IFSP,Integrado,Parda,Masculino,2,17,< 1 vez por semana,0,Boa,Muito boa,Boa,Muito boa,0,0,0,0,0,Sim,Ensino médio,Fundamental 2,4,4,5,Pública,0,Não Sofreu Bullying,Não-Branca,4.333333333333333,4.333333333333333,False
385,ETEC-BQ,Conc-Sub,Parda,Feminino,2,17,> 3 vezes por semana,2,Muito boa,Boa,Muito boa,Muito ruim,0,5,6,2,2,Sim,Ensino médio,Fundamental 2,1,5,4,Pública,15,Sofreu Bullying,Não-Branca,3.333333333333333,3.333333333333333,True
293,RB,Integrado,Branca,Feminino,3,17,> 3 vezes por semana,1,Regular,Muito boa,Boa,Boa,1,1,1,1,0,Sim,Graduação,Ensino médio,3,3,3,Privada,4,Sofreu Bullying,Branca,3.0,3.0,True
413,ETEC-BQ,Conc-Sub,Parda,Masculino,1,16,> 3 vezes por semana,0,Ruim,Boa,Boa,Boa,0,0,4,0,0,Sim,Fundamental 2,Fundamental 1,3,3,3,Pública,4,Sofreu Bullying,Não-Branca,3.0,3.0,True
343,ETEC-OS,Conc-Sub,Parda,Feminino,2,19,2-3 vezes por semana,1,Ruim,Muito boa,Boa,Regular,3,3,3,3,3,Não,Graduação,Graduação,5,4,4,Pública,15,Sofreu Bullying,Não-Branca,4.333333333333333,4.333333333333333,True
257,RB,Integrado,Branca,Feminino,2,15,1-2 vezes por semana,1,Boa,Muito boa,Boa,Muito boa,0,1,1,2,0,Não,Graduação,Graduação,3,4,4,Privada,4,Sofreu Bullying,Branca,3.6666666666666665,3.6666666666666665,True
308,SJ,Integrado,Parda,Masculino,2,16,1-2 vezes por semana,1,Muito ruim,Muito boa,Regular,Boa,1,3,3,0,4,Não,Pós-graduação,Fundamental 1,3,2,2,Privada,11,Sofreu Bullying,Não-Branca,2.333333333333333,2.333333333333333,True
149,ETIM,Integrado,Branca,Feminino,1,15,2-3 vezes por semana,2,Boa,Boa,Boa,Ruim,0,0,0,0,0,Sim,Pós-graduação,Pós-graduação,3,5,3,Pública,0,Não Sofreu Bullying,Branca,3.6666666666666665,3.6666666666666665,False
130,ETIM,Integrado,Branca,Masculino,3,19,> 3 vezes por semana,1,Regular,Boa,Regular,Regular,0,2,1,1,1,Sim,Ensino médio,Ensino médio,5,4,4,Pública,5,Sofreu Bullying,Branca,4.333333333333333,4.333333333333333,True
151,ETIM,Integrado,Branca,Feminino,1,16,2-3 vezes por semana,1,Regular,Boa,Boa,Ruim,0,0,0,0,1,Não,Ensino médio,Ensino médio,3,5,3,Pública,1,Sofreu Bullying,Branca,3.6666666666666665,3.6666666666666665,True
359,ETEC-BQ,Conc-Sub,Parda,Masculino,1,18,< 1 vez por semana,1,Ruim,Boa,Boa,Muito boa,0,3,0,0,0,Não,Fundamental 2,Fundamental 2,3,4,4,Pública,3,Sofreu Bullying,Não-Branca,3.6666666666666665,3.6666666666666665,True
99,ETIM,Integrado,Branca,Masculino,1,15,1-2 vezes por semana,0,Boa,Muito boa,Regular,Muito boa,0,0,0,2,0,Sim,Ensino médio,Fundamental 2,5,4,4,Pública,2,Sofreu Bullying,Branca,4.333333333333333,4.333333333333333,True
372,ETEC-BQ,Conc-Sub,Parda,Feminino,3,17,> 3 vezes por semana,2,Muito ruim,Muito boa,Boa,Boa,0,3,0,0,0,Não,Ensino médio,Fundamental 2,4,4,4,Pública,3,Sofreu Bullying,Não-Branca,4.0,4.0,True
87,ETIM,Integrado,Branca,Masculino,3,17,2-3 vezes por semana,1,Boa,Muito boa,Muito boa,Boa,0,0,0,0,0,Sim,Ensino médio,Fundamental 2,4,4,5,Pública,0,Não Sofreu Bullying,Branca,4.333333333333333,4.333333333333333,False
458,ETEC-HM,Conc-Sub,Branca,Masculino,2,19,> 3 vezes por semana,1,Regular,Muito boa,Boa,Boa,0,0,0,0,1,Não,Ensino médio,Ensino médio,5,5,5,Pública,1,Sofreu Bullying,Branca,5.0,5.0,True
330,ETEC-OS,Conc-Sub,Branca,Feminino,1,16,> 3 vezes por semana,2,Regular,Muito boa,Boa,Regular,3,3,3,3,3,Sim,Ensino médio,Fundamental 1,4,5,5,Pública,15,Sofreu Bullying,Branca,4.666666666666667,4.666666666666667,True
214,IFSP,Integrado,Parda,Feminino,2,16,> 3 vezes por semana,1,Regular,Boa,Muito boa,Regular,1,6,3,4,2,Não,Ensino médio,Ensino médio,2,4,3,Pública,16,Sofreu Bullying,Não-Branca,3.0,3.0,True
466,ETEC-HM,Conc-Sub,Parda,Masculino,3,17,> 3 vezes por semana,0,Regular,Muito boa,Muito boa,Boa,0,0,0,0,0,Sim,Fundamental 2,Ensino médio,3,3,3,Pública,0,Não Sofreu Bullying,Não-Branca,3.0,3.0,False
121,ETIM,Integrado,Branca,Masculino,2,16,> 3 vezes por semana,0,Regular,Boa,Boa,Muito boa,0,1,2,2,0,Sim,Graduação,Graduação,5,5,5,Pública,5,Sofreu Bullying,Branca,5.0,5.0,True
488,ETEC-HM,Conc-Sub,Negra,Masculino,1,19,2-3 vezes por semana,0,Muito ruim,Boa,Boa,Regular,0,0,0,0,0,Sim,Ensino médio,Ensino médio,4,4,4,Pública,0,Não Sofreu Bullying,Não-Branca,4.0,4.0,False
20,ETIM,Integrado,Branca,Feminino,2,17,< 1 vez por semana,2,Muito ruim,Boa,Boa,Regular,1,4,0,0,1,Sim,Graduação,Graduação,4,4,4,Pública,6,Sofreu Bullying,Branca,4.0,4.0,True
188,ETIM,Integrado,Negra,Masculino,3,18,1-2 vezes por semana,0,Boa,Boa,Boa,Regular,1,0,2,2,0,Sim,Ensino médio,Ensino médio,3,2,2,Pública,5,Sofreu Bullying,Não-Branca,2.333333333333333,2.333333333333333,True
71,ETIM,Integrado,Branca,Masculino,1,15,< 1 vez por semana,0,Boa,Boa,Boa,Boa,0,0,0,0,0,Sim,Fundamental 2,Fundamental 2,4,3,3,Pública,0,Não Sofreu Bullying,Branca,3.333333333333333,3.333333333333333,False
106,ETIM,Integrado,Branca,Masculino,1,16,1-2 vezes por semana,0,Regular,Boa,Regular,Boa,0,0,2,0,0,Não,Graduação,Ensino médio,5,3,4,Pública,2,Sofreu Bullying,Branca,4.0,4.0,True
270,RB,Integrado,Branca,Feminino,3,18,> 3 vezes por semana,1,Regular,Muito boa,Boa,Ruim,0,0,2,0,0,Sim,Graduação,Graduação,3,3,4,Privada,2,Sofreu Bullying,Branca,3.333333333333333,3.333333333333333,True
348,ETEC-BQ,Conc-Sub,Parda,Masculino,1,18,< 1 vez por semana,0,Boa,Muito boa,Muito boa,Muito boa,0,0,0,0,0,Sim,Ensino médio,Fundamental 2,4,4,4,Pública,0,Não Sofreu Bullying,Não-Branca,4.0,4.0,False
435,ETEC-BQ,Conc-Sub,Parda,Feminino,1,19,> 3 vezes por semana,1,Regular,Regular,Boa,Regular,0,0,0,0,0,Sim,Fundamental 1,Fundamental 1,4,3,3,Pública,0,Não Sofreu Bullying,Não-Branca,3.333333333333333,3.333333333333333,False
102,ETIM,Integrado,Branca,Masculino,1,15,< 1 vez por semana,1,Regular,Boa,Boa,Boa,2,0,0,0,0,Sim,Ensino médio,Ensino médio,4,4,3,Pública,2,Sofreu Bullying,Branca,3.6666666666666665,3.6666666666666665,True
